Workbook
Name SQMAX: 'Mon programme'!$E$3
Name BNMAX: 'Mon programme'!$E$4
Name DLMAX: 'Mon programme'!$E$5

Sheet Mon programme
BC1: =IF(AN11="Squat",AQ11,"") | CM1: =IF(BX11="Squat",CA11,"") -> 3
D2: 1RM
D3: Squat | E3: 200 | F3: OBJECTIF DU BLOC : | I3: Relancer la machine
D4: Bench | E4: 140
D5: Deadlift | E5: 250
F7: Jour 1 : Squat 4/1/0 Bench volume | AP7: Jour 2 : Deadlift Larsen Bench | BZ7: Jour 3 : Bench Squat pause | DJ7: Jour 4 : SBD
O8: VOLUME S1J1 | AY8: VOLUME S1J1 | CI8: VOLUME S1J1 | DT8: VOLUME S1J1 | ER8: VOLUME S1J1
O9: squat | Q9: bench | S9: deadlift | U9: pecs | W9: dos | Y9: épaules | AA9: biceps | AC9: triceps | AE9: quads | AG9: ischios | AI9: fessier | AK9: mollets | AY9: squat | BA9: bench | BC9: deadlift | BE9: pecs | BG9: dos | BI9: épaules | BK9: biceps | BM9: triceps | BO9: quads | BQ9: ischios | BS9: fessier | BU9: mollets | CI9: squat | CK9: bench | CM9: deadlift | CO9: pecs | CQ9: dos | CS9: épaules | CU9: biceps | CW9: triceps | CY9: quads | DA9: ischios | DC9: fessier | DE9: mollets | DT9: squat | DV9: bench | DX9: deadlift | DZ9: pecs | EB9: dos | ED9: épaules | EF9: biceps | EH9: triceps | EJ9: quads | EL9: ischios | EN9: fessier | EP9: mollets | ER9: squat | ET9: bench | EV9: deadlift | EX9: pecs | EZ9: dos | FB9: épaules | FD9: biceps | FF9: triceps | FH9: quads | FJ9: ischios | FL9: fessier | FN9: mollets
D10: Type | E10: Muscle | F10: Exercices | G10: Sets | H10: Reps | I10: Intensité | J10: Charge | K10: RPE | L10: e1RM | M10: Notes | O10: Série | P10: Tonnage | Q10: Série | R10: Tonnage | S10: Série | T10: Tonnage | U10: Série | V10: Tonnage | W10: Série | X10: Tonnage | Y10: Série | Z10: Tonnage | AA10: Série | AB10: Tonnage | AC10: Série | AD10: Tonnage | AE10: Série | AF10: Tonnage | AG10: Série | AH10: Tonnage | AI10: Série | AJ10: Tonnage | AK10: Série | AL10: Tonnage | AN10: Type | AO10: Muscle | AP10: Exercices | AQ10: Sets | AR10: Reps | AS10: Intensité | AT10: Charge | AU10: RPE | AV10: e1RM | AW10: Notes | AY10: Série | AZ10: Tonnage | BA10: Série | BB10: Tonnage | BC10: Série | BD10: Tonnage | BE10: Série | BF10: Tonnage | BG10: Série | BH10: Tonnage | BI10: Série | BJ10: Tonnage | BK10: Série | BL10: Tonnage | BM10: Série | BN10: Tonnage | BO10: Série | BP10: Tonnage | BQ10: Série | BR10: Tonnage | BS10: Série | BT10: Tonnage | BU10: Série | BV10: Tonnage | BX10: Type | BY10: Muscle | BZ10: Exercices | CA10: Sets | CB10: Reps | CC10: Intensité | CD10: Charge | CE10: RPE | CF10: e1RM | CG10: Notes | CI10: Série | CJ10: Tonnage | CK10: Série | CL10: Tonnage | CM10: Série | CN10: Tonnage | CO10: Série | CP10: Tonnage | CQ10: Série | CR10: Tonnage | CS10: Série | CT10: Tonnage | CU10: Série | CV10: Tonnage | CW10: Série | CX10: Tonnage | CY10: Série | CZ10: Tonnage | DA10: Série | DB10: Tonnage | DC10: Série | DD10: Tonnage | DE10: Série | DF10: Tonnage | DH10: Type | DI10: Muscle | DJ10: Exercices | DK10: Sets | DL10: Reps | DM10: Intensité | DN10: Charge | DO10: RPE | DP10: e1RM | DQ10: Notes | DT10: Série | DU10: Tonnage | DV10: Série | DW10: Tonnage | DX10: Série | DY10: Tonnage | DZ10: Série | EA10: Tonnage | EB10: Série | EC10: Tonnage | ED10: Série | EE10: Tonnage | EF10: Série | EG10: Tonnage | EH10: Série | EI10: Tonnage | EJ10: Série | EK10: Tonnage | EL10: Série | EM10: Tonnage | EN10: Série | EO10: Tonnage | EP10: Série | EQ10: Tonnage | ER10: Série | ES10: Tonnage | ET10: Série | EU10: Tonnage | EV10: Série | EW10: Tonnage | EX10: Série | EY10: Tonnage | EZ10: Série | FA10: Tonnage | FB10: Série | FC10: Tonnage | FD10: Série | FE10: Tonnage | FF10: Série | FG10: Tonnage | FH10: Série | FI10: Tonnage | FJ10: Série | FK10: Tonnage | FL10: Série | FM10: Tonnage | FN10: Série | FO10: Tonnage
B11: Semaine 1 | D11: Squat | F11: Squat 4/1/0 | G11: 2 | H11: 5 | I11: 65 | J11: =IF(D11="Squat",IF(I11>10,MROUND((I11/100*SQMAX),2.5)," "),IF(D11="Bench",IF(I11>10,MROUND((I11/100*BNMAX),2.5)," "),IF(D11="Deadlift",IF(I11>10,MROUND((I11/100*DLMAX),2.5)," ")," "))) -> 130 | L11: =IFERROR((J11/VLOOKUP(K11,'RPE vs. %'!$D$3:$P$11,H11+1,FALSE)),"") | M11: Indiquer votre forme du jour, vos observations, blessures, ... | O11: =IF(D11="Squat",G11,"") -> 2 | P11: =IF(D11="Squat",G11*H11*J11,"") -> 1300 | Q11: =IF(D11="Bench",G11,"") | R11: =IF(D11="Bench",G11*H11*J11,"") | S11: =IF(D11="Deadlift",G11,"") | T11: =IF(D11="Deadlift",G11*H11*J11,"") | U11: =IF(E11="pecs",G11,"") | V11: =IF(E11="pecs",G11*H11*J11,"") | W11: =IF(E11="dos",G11,"") | X11: =IF(E11="dos",G11*H11*J11,"") | Y11: =IF(E11="épaules",G11,"") | Z11: =IF(E11="épaules",G11*H11*J11,"") | AA11: =IF(E11="biceps",G11,"") | AB11: =IF(E11="biceps",G11*H11*J11,"") | AC11: =IF(E11="triceps",G11,"") | AD11: =IF(E11="triceps",G11*H11*J11,"") | AE11: =IF(E11="quads",G11,"") | AF11: =IF(E11="quads",G11*H11*J11,"") | AG11: =IF(E11="ischios",G11,"") | AH11: =IF(E11="ischios",G11*H11*J11,"") | AI11: =IF(E11="fessier",G11,"") | AJ11: =IF(E11="fessier",G11*H11*J11,"") | AK11: =IF(E11="mollets",G11,"") | AL11: =IF(E11="mollets",G11*H11*J11,"") | AN11: Deadlift | AP11: Deadlift | AQ11: 3 | AR11: 3 | AS11: 80 | AT11: =IF(AN11="Squat",IF(AS11>10,MROUND((AS11/100*SQMAX),2.5)," "),IF(AN11="Bench",IF(AS11>10,MROUND((AS11/100*BNMAX),2.5)," "),IF(AN11="Deadlift",IF(AS11>10,MROUND((AS11/100*DLMAX),2.5)," ")," "))) -> 200 | AV11: =IFERROR((AT11/VLOOKUP(AU11,'RPE vs. %'!$D$3:$P$11,AR11+1,FALSE)),"") | AW11: Indiquer votre forme du jour, vos observations, blessures, ... | AY11: =IF(AN11="Squat",AQ11,"") | AZ11: =IF(AN11="Squat",AQ11*AR11*AT11,"") | BA11: =IF(AN11="Bench",AQ11,"") | BB11: =IF(AN11="Bench",AQ11*AR11*AT11,"") | BC11: =IF(AN11="Deadlift",AQ11,"") -> 3 | BD11: =IF(AN11="Deadlift",AQ11*AR11*AT11,"") -> 1800 | BE11: =IF(AO11="pecs",AQ11,"") | BF11: =IF(AO11="pecs",AQ11*AR11*AT11,"") | BG11: =IF(AO11="dos",AQ11,"") | BH11: =IF(AO11="dos",AQ11*AR11*AT11,"") | BI11: =IF(AO11="épaules",AQ11,"") | BJ11: =IF(AO11="épaules",AQ11*AR11*AT11,"") | BK11: =IF(AO11="biceps",AQ11,"") | BL11: =IF(AO11="biceps",AQ11*AR11*AT11,"") | BM11: =IF(AO11="triceps",AQ11,"") | BN11: =IF(AO11="triceps",AQ11*AR11*AT11,"") | BO11: =IF(AO11="quads",AQ11,"") | BP11: =IF(AO11="quads",AQ11*AR11*AT11,"") | BQ11: =IF(AO11="ischios",AQ11,"") | BR11: =IF(AO11="ischios",AQ11*AR11*AT11,"") | BS11: =IF(AO11="fessier",AQ11,"") | BT11: =IF(AO11="fessier",AQ11*AR11*AT11,"") | BU11: =IF(AO11="mollets",AQ11,"") | BV11: =IF(AO11="mollets",AQ11*AR11*AT11,"") | BX11: Squat | BZ11: Squat pause | CA11: 3 | CB11: 5 | CC11: 64 | CD11: =IF(BX11="Squat",IF(CC11>10,MROUND((CC11/100*SQMAX),2.5)," "),IF(BX11="Bench",IF(CC11>10,MROUND((CC11/100*BNMAX),2.5)," "),IF(BX11="Deadlift",IF(CC11>10,MROUND((CC11/100*DLMAX),2.5)," ")," "))) -> 127.5 | CF11: =IFERROR((CD11/VLOOKUP(CE11,'RPE vs. %'!$D$3:$P$11,CB11+1,FALSE)),"") | CG11: Indiquer votre forme du jour, vos observations, blessures, ... | CI11: =IF(BX11="Squat",CA11,"") -> 3 | CJ11: =IF(BX11="Squat",CA11*CB11*CD11,"") -> 1912.5 | CK11: =IF(BX11="Bench",CA11,"") | CL11: =IF(BX11="Bench",CA11*CB11*CD11,"") | CM11: =IF(BX11="Deadlift",CA11,"") | CN11: =IF(BX11="Deadlift",CA11*CB11*CD11,"") | CO11: =IF(BY11="pecs",CA11,"") | CP11: =IF(BY11="pecs",CA11*CB11*CD11,"") | CQ11: =IF(BY11="dos",CA11,"") | CR11: =IF(BY11="dos",CA11*CB11*CD11,"") | CS11: =IF(BY11="épaules",CA11,"") | CT11: =IF(BY11="épaules",CA11*CB11*CD11,"") | CU11: =IF(BY11="biceps",CA11,"") | CV11: =IF(BY11="biceps",CA11*CB11*CD11,"") | CW11: =IF(BY11="triceps",CA11,"") | CX11: =IF(BY11="triceps",CA11*CB11*CD11,"") | CY11: =IF(BY11="quads",CA11,"") | CZ11: =IF(BY11="quads",CA11*CB11*CD11,"") | DA11: =IF(BY11="ischios",CA11,"") | DB11: =IF(BY11="ischios",CA11*CB11*CD11,"") | DC11: =IF(BY11="fessier",CA11,"") | DD11: =IF(BY11="fessier",CA11*CB11*CD11,"") | DE11: =IF(BY11="mollets",CA11,"") | DF11: =IF(BY11="mollets",CA11*CB11*CD11,"") | DH11: Squat | DJ11: Squat | DK11: 3 | DL11: 3 | DM11: 82 | DN11: =IF(DH11="Squat",IF(DM11>10,MROUND((DM11/100*SQMAX),2.5)," "),IF(DH11="Bench",IF(DM11>10,MROUND((DM11/100*BNMAX),2.5)," "),IF(DH11="Deadlift",IF(DM11>10,MROUND((DM11/100*DLMAX),2.5)," ")," "))) -> 165 | DP11: =IFERROR((DN11/VLOOKUP(DO11,'RPE vs. %'!$D$3:$P$11,DL11+1,FALSE)),"") | DQ11: Indiquer votre forme du jour, vos observations, blessures, ... | DT11: =IF(DH11="Squat",DK11,"") -> 3 | DU11: =IF(DH11="Squat",DK11*DL11*DN11,"") -> 1485 | DV11: =IF(DH11="Bench",DK11,"") | DW11: =IF(DH11="Bench",DK11*DL11*DN11,"") | DX11: =IF(DH11="Deadlift",DK11,"") | DY11: =IF(DH11="Deadlift",DK11*DL11*DN11,"") | DZ11: =IF(DI11="pecs",DK11,"") | EA11: =IF(DI11="pecs",DK11*DL11*DN11,"") | EB11: =IF(DI11="dos",DK11,"") | EC11: =IF(DI11="dos",DK11*DL11*DN11,"") | ED11: =IF(DI11="épaules",DK11,"") | EE11: =IF(DI11="épaules",DK11*DL11*DN11,"") | EF11: =IF(DI11="biceps",DK11,"") | EG11: =IF(DI11="biceps",DK11*DL11*DN11,"") | EH11: =IF(DI11="triceps",DK11,"") | EI11: =IF(DI11="triceps",DK11*DL11*DN11,"") | EJ11: =IF(DI11="quads",DK11,"") | EK11: =IF(DI11="quads",DK11*DL11*DN11,"") | EL11: =IF(DI11="ischios",DK11,"") | EM11: =IF(DI11="ischios",DK11*DL11*DN11,"") | EN11: =IF(DI11="fessier",DK11,"") | EO11: =IF(DI11="fessier",DK11*DL11*DN11,"") | EP11: =IF(DI11="mollets",DK11,"") | EQ11: =IF(DI11="mollets",DK11*DL11*DN11,"") | ER11: =IF(#REF!="Squat",#REF!,"") -> #REF! | ES11: =IF(#REF!="Squat",#REF!*#REF!*#REF!,"") -> #REF! | ET11: =IF(#REF!="Bench",#REF!,"") -> #REF! | EU11: =IF(#REF!="Bench",#REF!*#REF!*#REF!,"") -> #REF! | EV11: =IF(#REF!="Deadlift",#REF!,"") -> #REF! | EW11: =IF(#REF!="Deadlift",#REF!*#REF!*#REF!,"") -> #REF! | EX11: =IF(#REF!="pecs",#REF!,"") -> #REF! | EY11: =IF(#REF!="pecs",#REF!*#REF!*#REF!,"") -> #REF! | EZ11: =IF(#REF!="dos",#REF!,"") -> #REF! | FA11: =IF(#REF!="dos",#REF!*#REF!*#REF!,"") -> #REF! | FB11: =IF(#REF!="épaules",#REF!,"") -> #REF! | FC11: =IF(#REF!="épaules",#REF!*#REF!*#REF!,"") -> #REF! | FD11: =IF(#REF!="biceps",#REF!,"") -> #REF! | FE11: =IF(#REF!="biceps",#REF!*#REF!*#REF!,"") -> #REF! | FF11: =IF(#REF!="triceps",#REF!,"") -> #REF! | FG11: =IF(#REF!="triceps",#REF!*#REF!*#REF!,"") -> #REF! | FH11: =IF(#REF!="quads",#REF!,"") -> #REF! | FI11: =IF(#REF!="quads",#REF!*#REF!*#REF!,"") -> #REF! | FJ11: =IF(#REF!="ischios",#REF!,"") -> #REF! | FK11: =IF(#REF!="ischios",#REF!*#REF!*#REF!,"") -> #REF! | FL11: =IF(#REF!="fessier",#REF!,"") -> #REF! | FM11: =IF(#REF!="fessier",#REF!*#REF!*#REF!,"") -> #REF! | FN11: =IF(#REF!="mollets",#REF!,"") -> #REF! | FO11: =IF(#REF!="mollets",#REF!*#REF!*#REF!,"") -> #REF!
D12: Squat | F12: Squat | G12: 1 | H12: 5 | I12: 72 | J12: =IF(D12="Squat",IF(I12>10,MROUND((I12/100*SQMAX),2.5)," "),IF(D12="Bench",IF(I12>10,MROUND((I12/100*BNMAX),2.5)," "),IF(D12="Deadlift",IF(I12>10,MROUND((I12/100*DLMAX),2.5)," ")," "))) -> 145 | L12: =IFERROR((J12/VLOOKUP(K12,'RPE vs. %'!$D$3:$P$11,H12+1,FALSE)),"") | O12: =IF(D12="Squat",G12,"") -> 1 | P12: =IF(D12="Squat",G12*H12*J12,"") -> 725 | Q12: =IF(D12="Bench",G12,"") | R12: =IF(D12="Bench",G12*H12*J12,"") | S12: =IF(D12="Deadlift",G12,"") | T12: =IF(D12="Deadlift",G12*H12*J12,"") | U12: =IF(E12="pecs",G12,"") | V12: =IF(E12="pecs",G12*H12*J12,"") | W12: =IF(E12="dos",G12,"") | X12: =IF(E12="dos",G12*H12*J12,"") | Y12: =IF(E12="épaules",G12,"") | Z12: =IF(E12="épaules",G12*H12*J12,"") | AA12: =IF(E12="biceps",G12,"") | AB12: =IF(E12="biceps",G12*H12*J12,"") | AC12: =IF(E12="triceps",G12,"") | AD12: =IF(E12="triceps",G12*H12*J12,"") | AE12: =IF(E12="quads",G12,"") | AF12: =IF(E12="quads",G12*H12*J12,"") | AG12: =IF(E12="ischios",G12,"") | AH12: =IF(E12="ischios",G12*H12*J12,"") | AI12: =IF(E12="fessier",G12,"") | AJ12: =IF(E12="fessier",G12*H12*J12,"") | AK12: =IF(E12="mollets",G12,"") | AL12: =IF(E12="mollets",G12*H12*J12,"") | AN12: Deadlift | AP12: Deadlift pause | AQ12: 2 | AR12: 5 | AS12: 60 | AT12: =IF(AN12="Squat",IF(AS12>10,MROUND((AS12/100*SQMAX),2.5)," "),IF(AN12="Bench",IF(AS12>10,MROUND((AS12/100*BNMAX),2.5)," "),IF(AN12="Deadlift",IF(AS12>10,MROUND((AS12/100*DLMAX),2.5)," ")," "))) -> 150 | AU12: 6 | AV12: =IFERROR((AT12/VLOOKUP(AU12,'RPE vs. %'!$D$3:$P$11,AR12+1,FALSE)),"") | AY12: =IF(AN12="Squat",AQ12,"") | AZ12: =IF(AN12="Squat",AQ12*AR12*AT12,"") | BA12: =IF(AN12="Bench",AQ12,"") | BB12: =IF(AN12="Bench",AQ12*AR12*AT12,"") | BC12: =IF(AN12="Deadlift",AQ12,"") -> 2 | BD12: =IF(AN12="Deadlift",AQ12*AR12*AT12,"") -> 1500 | BE12: =IF(AO12="pecs",AQ12,"") | BF12: =IF(AO12="pecs",AQ12*AR12*AT12,"") | BG12: =IF(AO12="dos",AQ12,"") | BH12: =IF(AO12="dos",AQ12*AR12*AT12,"") | BI12: =IF(AO12="épaules",AQ12,"") | BJ12: =IF(AO12="épaules",AQ12*AR12*AT12,"") | BK12: =IF(AO12="biceps",AQ12,"") | BL12: =IF(AO12="biceps",AQ12*AR12*AT12,"") | BM12: =IF(AO12="triceps",AQ12,"") | BN12: =IF(AO12="triceps",AQ12*AR12*AT12,"") | BO12: =IF(AO12="quads",AQ12,"") | BP12: =IF(AO12="quads",AQ12*AR12*AT12,"") | BQ12: =IF(AO12="ischios",AQ12,"") | BR12: =IF(AO12="ischios",AQ12*AR12*AT12,"") | BS12: =IF(AO12="fessier",AQ12,"") | BT12: =IF(AO12="fessier",AQ12*AR12*AT12,"") | BU12: =IF(AO12="mollets",AQ12,"") | BV12: =IF(AO12="mollets",AQ12*AR12*AT12,"") | BX12: Bench | BZ12: Bench | CA12: 4 | CB12: 2 | CC12: 90 | CD12: =IF(BX12="Squat",IF(CC12>10,MROUND((CC12/100*SQMAX),2.5)," "),IF(BX12="Bench",IF(CC12>10,MROUND((CC12/100*BNMAX),2.5)," "),IF(BX12="Deadlift",IF(CC12>10,MROUND((CC12/100*DLMAX),2.5)," ")," "))) -> 125 | CF12: =IFERROR((CD12/VLOOKUP(CE12,'RPE vs. %'!$D$3:$P$11,CB12+1,FALSE)),"") | CI12: =IF(BX12="Squat",CA12,"") | CJ12: =IF(BX12="Squat",CA12*CB12*CD12,"") | CK12: =IF(BX12="Bench",CA12,"") -> 4 | CL12: =IF(BX12="Bench",CA12*CB12*CD12,"") -> 1000 | CM12: =IF(BX12="Deadlift",CA12,"") | CN12: =IF(BX12="Deadlift",CA12*CB12*CD12,"") | CO12: =IF(BY12="pecs",CA12,"") | CP12: =IF(BY12="pecs",CA12*CB12*CD12,"") | CQ12: =IF(BY12="dos",CA12,"") | CR12: =IF(BY12="dos",CA12*CB12*CD12,"") | CS12: =IF(BY12="épaules",CA12,"") | CT12: =IF(BY12="épaules",CA12*CB12*CD12,"") | CU12: =IF(BY12="biceps",CA12,"") | CV12: =IF(BY12="biceps",CA12*CB12*CD12,"") | CW12: =IF(BY12="triceps",CA12,"") | CX12: =IF(BY12="triceps",CA12*CB12*CD12,"") | CY12: =IF(BY12="quads",CA12,"") | CZ12: =IF(BY12="quads",CA12*CB12*CD12,"") | DA12: =IF(BY12="ischios",CA12,"") | DB12: =IF(BY12="ischios",CA12*CB12*CD12,"") | DC12: =IF(BY12="fessier",CA12,"") | DD12: =IF(BY12="fessier",CA12*CB12*CD12,"") | DE12: =IF(BY12="mollets",CA12,"") | DF12: =IF(BY12="mollets",CA12*CB12*CD12,"") | DH12: Bench | DJ12: Bench | DK12: 3 | DL12: 3 | DM12: 82 | DN12: =IF(DH12="Squat",IF(DM12>10,MROUND((DM12/100*SQMAX),2.5)," "),IF(DH12="Bench",IF(DM12>10,MROUND((DM12/100*BNMAX),2.5)," "),IF(DH12="Deadlift",IF(DM12>10,MROUND((DM12/100*DLMAX),2.5)," ")," "))) -> 115 | DP12: =IFERROR((DN12/VLOOKUP(DO12,'RPE vs. %'!$D$3:$P$11,DL12+1,FALSE)),"") | DT12: =IF(DH12="Squat",DK12,"") | DU12: =IF(DH12="Squat",DK12*DL12*DN12,"") | DV12: =IF(DH12="Bench",DK12,"") -> 3 | DW12: =IF(DH12="Bench",DK12*DL12*DN12,"") -> 1035 | DX12: =IF(DH12="Deadlift",DK12,"") | DY12: =IF(DH12="Deadlift",DK12*DL12*DN12,"") | DZ12: =IF(DI12="pecs",DK12,"") | EA12: =IF(DI12="pecs",DK12*DL12*DN12,"") | EB12: =IF(DI12="dos",DK12,"") | EC12: =IF(DI12="dos",DK12*DL12*DN12,"") | ED12: =IF(DI12="épaules",DK12,"") | EE12: =IF(DI12="épaules",DK12*DL12*DN12,"") | EF12: =IF(DI12="biceps",DK12,"") | EG12: =IF(DI12="biceps",DK12*DL12*DN12,"") | EH12: =IF(DI12="triceps",DK12,"") | EI12: =IF(DI12="triceps",DK12*DL12*DN12,"") | EJ12: =IF(DI12="quads",DK12,"") | EK12: =IF(DI12="quads",DK12*DL12*DN12,"") | EL12: =IF(DI12="ischios",DK12,"") | EM12: =IF(DI12="ischios",DK12*DL12*DN12,"") | EN12: =IF(DI12="fessier",DK12,"") | EO12: =IF(DI12="fessier",DK12*DL12*DN12,"") | EP12: =IF(DI12="mollets",DK12,"") | EQ12: =IF(DI12="mollets",DK12*DL12*DN12,"") | ER12: =IF(#REF!="Squat",#REF!,"") -> #REF! | ES12: =IF(#REF!="Squat",#REF!*#REF!*#REF!,"") -> #REF! | ET12: =IF(#REF!="Bench",#REF!,"") -> #REF! | EU12: =IF(#REF!="Bench",#REF!*#REF!*#REF!,"") -> #REF! | EV12: =IF(#REF!="Deadlift",#REF!,"") -> #REF! | EW12: =IF(#REF!="Deadlift",#REF!*#REF!*#REF!,"") -> #REF! | EX12: =IF(#REF!="pecs",#REF!,"") -> #REF! | EY12: =IF(#REF!="pecs",#REF!*#REF!*#REF!,"") -> #REF! | EZ12: =IF(#REF!="dos",#REF!,"") -> #REF! | FA12: =IF(#REF!="dos",#REF!*#REF!*#REF!,"") -> #REF! | FB12: =IF(#REF!="épaules",#REF!,"") -> #REF! | FC12: =IF(#REF!="épaules",#REF!*#REF!*#REF!,"") -> #REF! | FD12: =IF(#REF!="biceps",#REF!,"") -> #REF! | FE12: =IF(#REF!="biceps",#REF!*#REF!*#REF!,"") -> #REF! | FF12: =IF(#REF!="triceps",#REF!,"") -> #REF! | FG12: =IF(#REF!="triceps",#REF!*#REF!*#REF!,"") -> #REF! | FH12: =IF(#REF!="quads",#REF!,"") -> #REF! | FI12: =IF(#REF!="quads",#REF!*#REF!*#REF!,"") -> #REF! | FJ12: =IF(#REF!="ischios",#REF!,"") -> #REF! | FK12: =IF(#REF!="ischios",#REF!*#REF!*#REF!,"") -> #REF! | FL12: =IF(#REF!="fessier",#REF!,"") -> #REF! | FM12: =IF(#REF!="fessier",#REF!*#REF!*#REF!,"") -> #REF! | FN12: =IF(#REF!="mollets",#REF!,"") -> #REF! | FO12: =IF(#REF!="mollets",#REF!*#REF!*#REF!,"") -> #REF!
D13: Bench | F13: Bench | G13: 3 | H13: 8 | I13: 70 | J13: =IF(D13="Squat",IF(I13>10,MROUND((I13/100*SQMAX),2.5)," "),IF(D13="Bench",IF(I13>10,MROUND((I13/100*BNMAX),2.5)," "),IF(D13="Deadlift",IF(I13>10,MROUND((I13/100*DLMAX),2.5)," ")," "))) -> 97.5 | L13: =IFERROR((J13/VLOOKUP(K13,'RPE vs. %'!$D$3:$P$11,H13+1,FALSE)),"") | O13: =IF(D13="Squat",G13,"") | P13: =IF(D13="Squat",G13*H13*J13,"") | Q13: =IF(D13="Bench",G13,"") -> 3 | R13: =IF(D13="Bench",G13*H13*J13,"") -> 2340 | S13: =IF(D13="Deadlift",G13,"") | T13: =IF(D13="Deadlift",G13*H13*J13,"") | U13: =IF(E13="pecs",G13,"") | V13: =IF(E13="pecs",G13*H13*J13,"") | W13: =IF(E13="dos",G13,"") | X13: =IF(E13="dos",G13*H13*J13,"") | Y13: =IF(E13="épaules",G13,"") | Z13: =IF(E13="épaules",G13*H13*J13,"") | AA13: =IF(E13="biceps",G13,"") | AB13: =IF(E13="biceps",G13*H13*J13,"") | AC13: =IF(E13="triceps",G13,"") | AD13: =IF(E13="triceps",G13*H13*J13,"") | AE13: =IF(E13="quads",G13,"") | AF13: =IF(E13="quads",G13*H13*J13,"") | AG13: =IF(E13="ischios",G13,"") | AH13: =IF(E13="ischios",G13*H13*J13,"") | AI13: =IF(E13="fessier",G13,"") | AJ13: =IF(E13="fessier",G13*H13*J13,"") | AK13: =IF(E13="mollets",G13,"") | AL13: =IF(E13="mollets",G13*H13*J13,"") | AN13: Bench | AP13: Bench larsen | AQ13: 3 | AR13: 5 | AS13: =80*0.8 -> 64 | AT13: =IF(AN13="Squat",IF(AS13>10,MROUND((AS13/100*SQMAX),2.5)," "),IF(AN13="Bench",IF(AS13>10,MROUND((AS13/100*BNMAX),2.5)," "),IF(AN13="Deadlift",IF(AS13>10,MROUND((AS13/100*DLMAX),2.5)," ")," "))) -> 90 | AV13: =IFERROR((AT13/VLOOKUP(AU13,'RPE vs. %'!$D$3:$P$11,AR13+1,FALSE)),"") | AY13: =IF(AN13="Squat",AQ13,"") | AZ13: =IF(AN13="Squat",AQ13*AR13*AT13,"") | BA13: =IF(AN13="Bench",AQ13,"") -> 3 | BB13: =IF(AN13="Bench",AQ13*AR13*AT13,"") -> 1350 | BC13: =IF(AN13="Deadlift",AQ13,"") | BD13: =IF(AN13="Deadlift",AQ13*AR13*AT13,"") | BE13: =IF(AO13="pecs",AQ13,"") | BF13: =IF(AO13="pecs",AQ13*AR13*AT13,"") | BG13: =IF(AO13="dos",AQ13,"") | BH13: =IF(AO13="dos",AQ13*AR13*AT13,"") | BI13: =IF(AO13="épaules",AQ13,"") | BJ13: =IF(AO13="épaules",AQ13*AR13*AT13,"") | BK13: =IF(AO13="biceps",AQ13,"") | BL13: =IF(AO13="biceps",AQ13*AR13*AT13,"") | BM13: =IF(AO13="triceps",AQ13,"") | BN13: =IF(AO13="triceps",AQ13*AR13*AT13,"") | BO13: =IF(AO13="quads",AQ13,"") | BP13: =IF(AO13="quads",AQ13*AR13*AT13,"") | BQ13: =IF(AO13="ischios",AQ13,"") | BR13: =IF(AO13="ischios",AQ13*AR13*AT13,"") | BS13: =IF(AO13="fessier",AQ13,"") | BT13: =IF(AO13="fessier",AQ13*AR13*AT13,"") | BU13: =IF(AO13="mollets",AQ13,"") | BV13: =IF(AO13="mollets",AQ13*AR13*AT13,"") | BX13: Bench | BZ13: Bench 2ct | CA13: 2 | CB13: 3 | CC13: 75 | CD13: =IF(BX13="Squat",IF(CC13>10,MROUND((CC13/100*SQMAX),2.5)," "),IF(BX13="Bench",IF(CC13>10,MROUND((CC13/100*BNMAX),2.5)," "),IF(BX13="Deadlift",IF(CC13>10,MROUND((CC13/100*DLMAX),2.5)," ")," "))) -> 105 | CF13: =IFERROR((CD13/VLOOKUP(CE13,'RPE vs. %'!$D$3:$P$11,CB13+1,FALSE)),"") | CI13: =IF(BX13="Squat",CA13,"") | CJ13: =IF(BX13="Squat",CA13*CB13*CD13,"") | CK13: =IF(BX13="Bench",CA13,"") -> 2 | CL13: =IF(BX13="Bench",CA13*CB13*CD13,"") -> 630 | CM13: =IF(BX13="Deadlift",CA13,"") | CN13: =IF(BX13="Deadlift",CA13*CB13*CD13,"") | CO13: =IF(BY13="pecs",CA13,"") | CP13: =IF(BY13="pecs",CA13*CB13*CD13,"") | CQ13: =IF(BY13="dos",CA13,"") | CR13: =IF(BY13="dos",CA13*CB13*CD13,"") | CS13: =IF(BY13="épaules",CA13,"") | CT13: =IF(BY13="épaules",CA13*CB13*CD13,"") | CU13: =IF(BY13="biceps",CA13,"") | CV13: =IF(BY13="biceps",CA13*CB13*CD13,"") | CW13: =IF(BY13="triceps",CA13,"") | CX13: =IF(BY13="triceps",CA13*CB13*CD13,"") | CY13: =IF(BY13="quads",CA13,"") | CZ13: =IF(BY13="quads",CA13*CB13*CD13,"") | DA13: =IF(BY13="ischios",CA13,"") | DB13: =IF(BY13="ischios",CA13*CB13*CD13,"") | DC13: =IF(BY13="fessier",CA13,"") | DD13: =IF(BY13="fessier",CA13*CB13*CD13,"") | DE13: =IF(BY13="mollets",CA13,"") | DF13: =IF(BY13="mollets",CA13*CB13*CD13,"") | DH13: Deadlift | DJ13: Deadlift | DK13: 3 | DL13: 3 | DM13: 82 | DN13: =IF(DH13="Squat",IF(DM13>10,MROUND((DM13/100*SQMAX),2.5)," "),IF(DH13="Bench",IF(DM13>10,MROUND((DM13/100*BNMAX),2.5)," "),IF(DH13="Deadlift",IF(DM13>10,MROUND((DM13/100*DLMAX),2.5)," ")," "))) -> 205 | DP13: =IFERROR((DN13/VLOOKUP(DO13,'RPE vs. %'!$D$3:$P$11,DL13+1,FALSE)),"") | DT13: =IF(DH13="Squat",DK13,"") | DU13: =IF(DH13="Squat",DK13*DL13*DN13,"") | DV13: =IF(DH13="Bench",DK13,"") | DW13: =IF(DH13="Bench",DK13*DL13*DN13,"") | DX13: =IF(DH13="Deadlift",DK13,"") -> 3 | DY13: =IF(DH13="Deadlift",DK13*DL13*DN13,"") -> 1845 | DZ13: =IF(DI13="pecs",DK13,"") | EA13: =IF(DI13="pecs",DK13*DL13*DN13,"") | EB13: =IF(DI13="dos",DK13,"") | EC13: =IF(DI13="dos",DK13*DL13*DN13,"") | ED13: =IF(DI13="épaules",DK13,"") | EE13: =IF(DI13="épaules",DK13*DL13*DN13,"") | EF13: =IF(DI13="biceps",DK13,"") | EG13: =IF(DI13="biceps",DK13*DL13*DN13,"") | EH13: =IF(DI13="triceps",DK13,"") | EI13: =IF(DI13="triceps",DK13*DL13*DN13,"") | EJ13: =IF(DI13="quads",DK13,"") | EK13: =IF(DI13="quads",DK13*DL13*DN13,"") | EL13: =IF(DI13="ischios",DK13,"") | EM13: =IF(DI13="ischios",DK13*DL13*DN13,"") | EN13: =IF(DI13="fessier",DK13,"") | EO13: =IF(DI13="fessier",DK13*DL13*DN13,"") | EP13: =IF(DI13="mollets",DK13,"") | EQ13: =IF(DI13="mollets",DK13*DL13*DN13,"") | ER13: =IF(#REF!="Squat",#REF!,"") -> #REF! | ES13: =IF(#REF!="Squat",#REF!*#REF!*#REF!,"") -> #REF! | ET13: =IF(#REF!="Bench",#REF!,"") -> #REF! | EU13: =IF(#REF!="Bench",#REF!*#REF!*#REF!,"") -> #REF! | EV13: =IF(#REF!="Deadlift",#REF!,"") -> #REF! | EW13: =IF(#REF!="Deadlift",#REF!*#REF!*#REF!,"") -> #REF! | EX13: =IF(#REF!="pecs",#REF!,"") -> #REF! | EY13: =IF(#REF!="pecs",#REF!*#REF!*#REF!,"") -> #REF! | EZ13: =IF(#REF!="dos",#REF!,"") -> #REF! | FA13: =IF(#REF!="dos",#REF!*#REF!*#REF!,"") -> #REF! | FB13: =IF(#REF!="épaules",#REF!,"") -> #REF! | FC13: =IF(#REF!="épaules",#REF!*#REF!*#REF!,"") -> #REF! | FD13: =IF(#REF!="biceps",#REF!,"") -> #REF! | FE13: =IF(#REF!="biceps",#REF!*#REF!*#REF!,"") -> #REF! | FF13: =IF(#REF!="triceps",#REF!,"") -> #REF! | FG13: =IF(#REF!="triceps",#REF!*#REF!*#REF!,"") -> #REF! | FH13: =IF(#REF!="quads",#REF!,"") -> #REF! | FI13: =IF(#REF!="quads",#REF!*#REF!*#REF!,"") -> #REF! | FJ13: =IF(#REF!="ischios",#REF!,"") -> #REF! | FK13: =IF(#REF!="ischios",#REF!*#REF!*#REF!,"") -> #REF! | FL13: =IF(#REF!="fessier",#REF!,"") -> #REF! | FM13: =IF(#REF!="fessier",#REF!*#REF!*#REF!,"") -> #REF! | FN13: =IF(#REF!="mollets",#REF!,"") -> #REF! | FO13: =IF(#REF!="mollets",#REF!*#REF!*#REF!,"") -> #REF!
D14: Renfo | F14: Hack squat | G14: 2 | H14: 45938 | J14: 100 | L14: =IFERROR((J14/VLOOKUP(K14,'RPE vs. %'!$D$3:$P$11,H14+1,FALSE)),"") | O14: =IF(D14="Squat",G14,"") | P14: =IF(D14="Squat",G14*H14*J14,"") | Q14: =IF(D14="Bench",G14,"") | R14: =IF(D14="Bench",G14*H14*J14,"") | S14: =IF(D14="Deadlift",G14,"") | T14: =IF(D14="Deadlift",G14*H14*J14,"") | U14: =IF(E14="pecs",G14,"") | V14: =IF(E14="pecs",G14*H14*J14,"") | W14: =IF(E14="dos",G14,"") | X14: =IF(E14="dos",G14*H14*J14,"") | Y14: =IF(E14="épaules",G14,"") | Z14: =IF(E14="épaules",G14*H14*J14,"") | AA14: =IF(E14="biceps",G14,"") | AB14: =IF(E14="biceps",G14*H14*J14,"") | AC14: =IF(E14="triceps",G14,"") | AD14: =IF(E14="triceps",G14*H14*J14,"") | AE14: =IF(E14="quads",G14,"") | AF14: =IF(E14="quads",G14*H14*J14,"") | AG14: =IF(E14="ischios",G14,"") | AH14: =IF(E14="ischios",G14*H14*J14,"") | AI14: =IF(E14="fessier",G14,"") | AJ14: =IF(E14="fessier",G14*H14*J14,"") | AK14: =IF(E14="mollets",G14,"") | AL14: =IF(E14="mollets",G14*H14*J14,"") | AN14: Renfo | AP14: Rdl uni | AQ14: 3 | AR14: 8 | AT14: 50 | AV14: =IFERROR((AT14/VLOOKUP(AU14,'RPE vs. %'!$D$3:$P$11,AR14+1,FALSE)),"") | AY14: =IF(AN14="Squat",AQ14,"") | AZ14: =IF(AN14="Squat",AQ14*AR14*AT14,"") | BA14: =IF(AN14="Bench",AQ14,"") | BB14: =IF(AN14="Bench",AQ14*AR14*AT14,"") | BC14: =IF(AN14="Deadlift",AQ14,"") | BD14: =IF(AN14="Deadlift",AQ14*AR14*AT14,"") | BE14: =IF(AO14="pecs",AQ14,"") | BF14: =IF(AO14="pecs",AQ14*AR14*AT14,"") | BG14: =IF(AO14="dos",AQ14,"") | BH14: =IF(AO14="dos",AQ14*AR14*AT14,"") | BI14: =IF(AO14="épaules",AQ14,"") | BJ14: =IF(AO14="épaules",AQ14*AR14*AT14,"") | BK14: =IF(AO14="biceps",AQ14,"") | BL14: =IF(AO14="biceps",AQ14*AR14*AT14,"") | BM14: =IF(AO14="triceps",AQ14,"") | BN14: =IF(AO14="triceps",AQ14*AR14*AT14,"") | BO14: =IF(AO14="quads",AQ14,"") | BP14: =IF(AO14="quads",AQ14*AR14*AT14,"") | BQ14: =IF(AO14="ischios",AQ14,"") | BR14: =IF(AO14="ischios",AQ14*AR14*AT14,"") | BS14: =IF(AO14="fessier",AQ14,"") | BT14: =IF(AO14="fessier",AQ14*AR14*AT14,"") | BU14: =IF(AO14="mollets",AQ14,"") | BV14: =IF(AO14="mollets",AQ14*AR14*AT14,"") | BX14: Renfo | BZ14: chest press | CA14: 3 | CB14: 12 | CD14: 60 | CF14: =IFERROR((CD14/VLOOKUP(CE14,'RPE vs. %'!$D$3:$P$11,CB14+1,FALSE)),"") | CI14: =IF(BX14="Squat",CA14,"") | CJ14: =IF(BX14="Squat",CA14*CB14*CD14,"") | CK14: =IF(BX14="Bench",CA14,"") | CL14: =IF(BX14="Bench",CA14*CB14*CD14,"") | CM14: =IF(BX14="Deadlift",CA14,"") | CN14: =IF(BX14="Deadlift",CA14*CB14*CD14,"") | CO14: =IF(BY14="pecs",CA14,"") | CP14: =IF(BY14="pecs",CA14*CB14*CD14,"") | CQ14: =IF(BY14="dos",CA14,"") | CR14: =IF(BY14="dos",CA14*CB14*CD14,"") | CS14: =IF(BY14="épaules",CA14,"") | CT14: =IF(BY14="épaules",CA14*CB14*CD14,"") | CU14: =IF(BY14="biceps",CA14,"") | CV14: =IF(BY14="biceps",CA14*CB14*CD14,"") | CW14: =IF(BY14="triceps",CA14,"") | CX14: =IF(BY14="triceps",CA14*CB14*CD14,"") | CY14: =IF(BY14="quads",CA14,"") | CZ14: =IF(BY14="quads",CA14*CB14*CD14,"") | DA14: =IF(BY14="ischios",CA14,"") | DB14: =IF(BY14="ischios",CA14*CB14*CD14,"") | DC14: =IF(BY14="fessier",CA14,"") | DD14: =IF(BY14="fessier",CA14*CB14*CD14,"") | DE14: =IF(BY14="mollets",CA14,"") | DF14: =IF(BY14="mollets",CA14*CB14*CD14,"") | DH14: Renfo | DJ14: Back extension | DK14: 5 | DL14: 12 | DN14: =IF(DH14="Squat",IF(DM14>10,MROUND((DM14/100*SQMAX),2.5)," "),IF(DH14="Bench",IF(DM14>10,MROUND((DM14/100*BNMAX),2.5)," "),IF(DH14="Deadlift",IF(DM14>10,MROUND((DM14/100*DLMAX),2.5)," ")," "))) | DP14: =IFERROR((DN14/VLOOKUP(DO14,'RPE vs. %'!$D$3:$P$11,DL14+1,FALSE)),"") | DT14: =IF(DH14="Squat",DK14,"") | DU14: =IF(DH14="Squat",DK14*DL14*DN14,"") | DV14: =IF(DH14="Bench",DK14,"") | DW14: =IF(DH14="Bench",DK14*DL14*DN14,"") | DX14: =IF(DH14="Deadlift",DK14,"") | DY14: =IF(DH14="Deadlift",DK14*DL14*DN14,"") | DZ14: =IF(DI14="pecs",DK14,"") | EA14: =IF(DI14="pecs",DK14*DL14*DN14,"") | EB14: =IF(DI14="dos",DK14,"") | EC14: =IF(DI14="dos",DK14*DL14*DN14,"") | ED14: =IF(DI14="épaules",DK14,"") | EE14: =IF(DI14="épaules",DK14*DL14*DN14,"") | EF14: =IF(DI14="biceps",DK14,"") | EG14: =IF(DI14="biceps",DK14*DL14*DN14,"") | EH14: =IF(DI14="triceps",DK14,"") | EI14: =IF(DI14="triceps",DK14*DL14*DN14,"") | EJ14: =IF(DI14="quads",DK14,"") | EK14: =IF(DI14="quads",DK14*DL14*DN14,"") | EL14: =IF(DI14="ischios",DK14,"") | EM14: =IF(DI14="ischios",DK14*DL14*DN14,"") | EN14: =IF(DI14="fessier",DK14,"") | EO14: =IF(DI14="fessier",DK14*DL14*DN14,"") | EP14: =IF(DI14="mollets",DK14,"") | EQ14: =IF(DI14="mollets",DK14*DL14*DN14,"") | ER14: =IF(#REF!="Squat",#REF!,"") -> #REF! | ES14: =IF(#REF!="Squat",#REF!*#REF!*#REF!,"") -> #REF! | ET14: =IF(#REF!="Bench",#REF!,"") -> #REF! | EU14: =IF(#REF!="Bench",#REF!*#REF!*#REF!,"") -> #REF! | EV14: =IF(#REF!="Deadlift",#REF!,"") -> #REF! | EW14: =IF(#REF!="Deadlift",#REF!*#REF!*#REF!,"") -> #REF! | EX14: =IF(#REF!="pecs",#REF!,"") -> #REF! | EY14: =IF(#REF!="pecs",#REF!*#REF!*#REF!,"") -> #REF! | EZ14: =IF(#REF!="dos",#REF!,"") -> #REF! | FA14: =IF(#REF!="dos",#REF!*#REF!*#REF!,"") -> #REF! | FB14: =IF(#REF!="épaules",#REF!,"") -> #REF! | FC14: =IF(#REF!="épaules",#REF!*#REF!*#REF!,"") -> #REF! | FD14: =IF(#REF!="biceps",#REF!,"") -> #REF! | FE14: =IF(#REF!="biceps",#REF!*#REF!*#REF!,"") -> #REF! | FF14: =IF(#REF!="triceps",#REF!,"") -> #REF! | FG14: =IF(#REF!="triceps",#REF!*#REF!*#REF!,"") -> #REF! | FH14: =IF(#REF!="quads",#REF!,"") -> #REF! | FI14: =IF(#REF!="quads",#REF!*#REF!*#REF!,"") -> #REF! | FJ14: =IF(#REF!="ischios",#REF!,"") -> #REF! | FK14: =IF(#REF!="ischios",#REF!*#REF!*#REF!,"") -> #REF! | FL14: =IF(#REF!="fessier",#REF!,"") -> #REF! | FM14: =IF(#REF!="fessier",#REF!*#REF!*#REF!,"") -> #REF! | FN14: =IF(#REF!="mollets",#REF!,"") -> #REF! | FO14: =IF(#REF!="mollets",#REF!*#REF!*#REF!,"") -> #REF!
D15: Renfo | F15: développer militaire | G15: 2 | H15: 8 | J15: 24 | L15: =IFERROR((J15/VLOOKUP(K15,'RPE vs. %'!$D$3:$P$11,H15+1,FALSE)),"") | O15: =IF(D15="Squat",G15,"") | P15: =IF(D15="Squat",G15*H15*J15,"") | Q15: =IF(D15="Bench",G15,"") | R15: =IF(D15="Bench",G15*H15*J15,"") | S15: =IF(D15="Deadlift",G15,"") | T15: =IF(D15="Deadlift",G15*H15*J15,"") | U15: =IF(E15="pecs",G15,"") | V15: =IF(E15="pecs",G15*H15*J15,"") | W15: =IF(E15="dos",G15,"") | X15: =IF(E15="dos",G15*H15*J15,"") | Y15: =IF(E15="épaules",G15,"") | Z15: =IF(E15="épaules",G15*H15*J15,"") | AA15: =IF(E15="biceps",G15,"") | AB15: =IF(E15="biceps",G15*H15*J15,"") | AC15: =IF(E15="triceps",G15,"") | AD15: =IF(E15="triceps",G15*H15*J15,"") | AE15: =IF(E15="quads",G15,"") | AF15: =IF(E15="quads",G15*H15*J15,"") | AG15: =IF(E15="ischios",G15,"") | AH15: =IF(E15="ischios",G15*H15*J15,"") | AI15: =IF(E15="fessier",G15,"") | AJ15: =IF(E15="fessier",G15*H15*J15,"") | AK15: =IF(E15="mollets",G15,"") | AL15: =IF(E15="mollets",G15*H15*J15,"") | AN15: Renfo | AP15: Back extension | AQ15: 5 | AR15: 12 | AT15: 20 | AV15: =IFERROR((AT15/VLOOKUP(AU15,'RPE vs. %'!$D$3:$P$11,AR15+1,FALSE)),"") | AY15: =IF(AN15="Squat",AQ15,"") | AZ15: =IF(AN15="Squat",AQ15*AR15*AT15,"") | BA15: =IF(AN15="Bench",AQ15,"") | BB15: =IF(AN15="Bench",AQ15*AR15*AT15,"") | BC15: =IF(AN15="Deadlift",AQ15,"") | BD15: =IF(AN15="Deadlift",AQ15*AR15*AT15,"") | BE15: =IF(AO15="pecs",AQ15,"") | BF15: =IF(AO15="pecs",AQ15*AR15*AT15,"") | BG15: =IF(AO15="dos",AQ15,"") | BH15: =IF(AO15="dos",AQ15*AR15*AT15,"") | BI15: =IF(AO15="épaules",AQ15,"") | BJ15: =IF(AO15="épaules",AQ15*AR15*AT15,"") | BK15: =IF(AO15="biceps",AQ15,"") | BL15: =IF(AO15="biceps",AQ15*AR15*AT15,"") | BM15: =IF(AO15="triceps",AQ15,"") | BN15: =IF(AO15="triceps",AQ15*AR15*AT15,"") | BO15: =IF(AO15="quads",AQ15,"") | BP15: =IF(AO15="quads",AQ15*AR15*AT15,"") | BQ15: =IF(AO15="ischios",AQ15,"") | BR15: =IF(AO15="ischios",AQ15*AR15*AT15,"") | BS15: =IF(AO15="fessier",AQ15,"") | BT15: =IF(AO15="fessier",AQ15*AR15*AT15,"") | BU15: =IF(AO15="mollets",AQ15,"") | BV15: =IF(AO15="mollets",AQ15*AR15*AT15,"") | BX15: Renfo | BZ15: Incliné haltère | CA15: 3 | CB15: 8 | CD15: =IF(BX15="Squat",IF(CC15>10,MROUND((CC15/100*SQMAX),2.5)," "),IF(BX15="Bench",IF(CC15>10,MROUND((CC15/100*BNMAX),2.5)," "),IF(BX15="Deadlift",IF(CC15>10,MROUND((CC15/100*DLMAX),2.5)," ")," "))) | CF15: =IFERROR((CD15/VLOOKUP(CE15,'RPE vs. %'!$D$3:$P$11,CB15+1,FALSE)),"") | CI15: =IF(BX15="Squat",CA15,"") | CJ15: =IF(BX15="Squat",CA15*CB15*CD15,"") | CK15: =IF(BX15="Bench",CA15,"") | CL15: =IF(BX15="Bench",CA15*CB15*CD15,"") | CM15: =IF(BX15="Deadlift",CA15,"") | CN15: =IF(BX15="Deadlift",CA15*CB15*CD15,"") | CO15: =IF(BY15="pecs",CA15,"") | CP15: =IF(BY15="pecs",CA15*CB15*CD15,"") | CQ15: =IF(BY15="dos",CA15,"") | CR15: =IF(BY15="dos",CA15*CB15*CD15,"") | CS15: =IF(BY15="épaules",CA15,"") | CT15: =IF(BY15="épaules",CA15*CB15*CD15,"") | CU15: =IF(BY15="biceps",CA15,"") | CV15: =IF(BY15="biceps",CA15*CB15*CD15,"") | CW15: =IF(BY15="triceps",CA15,"") | CX15: =IF(BY15="triceps",CA15*CB15*CD15,"") | CY15: =IF(BY15="quads",CA15,"") | CZ15: =IF(BY15="quads",CA15*CB15*CD15,"") | DA15: =IF(BY15="ischios",CA15,"") | DB15: =IF(BY15="ischios",CA15*CB15*CD15,"") | DC15: =IF(BY15="fessier",CA15,"") | DD15: =IF(BY15="fessier",CA15*CB15*CD15,"") | DE15: =IF(BY15="mollets",CA15,"") | DF15: =IF(BY15="mollets",CA15*CB15*CD15,"") | DH15: Renfo | DJ15: Back extension (coté) | DK15: 3 | DL15: 12 | DN15: =IF(DH15="Squat",IF(DM15>10,MROUND((DM15/100*SQMAX),2.5)," "),IF(DH15="Bench",IF(DM15>10,MROUND((DM15/100*BNMAX),2.5)," "),IF(DH15="Deadlift",IF(DM15>10,MROUND((DM15/100*DLMAX),2.5)," ")," "))) | DP15: =IFERROR((DN15/VLOOKUP(DO15,'RPE vs. %'!$D$3:$P$11,DL15+1,FALSE)),"") | DT15: =IF(DH15="Squat",DK15,"") | DU15: =IF(DH15="Squat",DK15*DL15*DN15,"") | DV15: =IF(DH15="Bench",DK15,"") | DW15: =IF(DH15="Bench",DK15*DL15*DN15,"") | DX15: =IF(DH15="Deadlift",DK15,"") | DY15: =IF(DH15="Deadlift",DK15*DL15*DN15,"") | DZ15: =IF(DI15="pecs",DK15,"") | EA15: =IF(DI15="pecs",DK15*DL15*DN15,"") | EB15: =IF(DI15="dos",DK15,"") | EC15: =IF(DI15="dos",DK15*DL15*DN15,"") | ED15: =IF(DI15="épaules",DK15,"") | EE15: =IF(DI15="épaules",DK15*DL15*DN15,"") | EF15: =IF(DI15="biceps",DK15,"") | EG15: =IF(DI15="biceps",DK15*DL15*DN15,"") | EH15: =IF(DI15="triceps",DK15,"") | EI15: =IF(DI15="triceps",DK15*DL15*DN15,"") | EJ15: =IF(DI15="quads",DK15,"") | EK15: =IF(DI15="quads",DK15*DL15*DN15,"") | EL15: =IF(DI15="ischios",DK15,"") | EM15: =IF(DI15="ischios",DK15*DL15*DN15,"") | EN15: =IF(DI15="fessier",DK15,"") | EO15: =IF(DI15="fessier",DK15*DL15*DN15,"") | EP15: =IF(DI15="mollets",DK15,"") | EQ15: =IF(DI15="mollets",DK15*DL15*DN15,"") | ER15: =IF(#REF!="Squat",#REF!,"") -> #REF! | ES15: =IF(#REF!="Squat",#REF!*#REF!*#REF!,"") -> #REF! | ET15: =IF(#REF!="Bench",#REF!,"") -> #REF! | EU15: =IF(#REF!="Bench",#REF!*#REF!*#REF!,"") -> #REF! | EV15: =IF(#REF!="Deadlift",#REF!,"") -> #REF! | EW15: =IF(#REF!="Deadlift",#REF!*#REF!*#REF!,"") -> #REF! | EX15: =IF(#REF!="pecs",#REF!,"") -> #REF! | EY15: =IF(#REF!="pecs",#REF!*#REF!*#REF!,"") -> #REF! | EZ15: =IF(#REF!="dos",#REF!,"") -> #REF! | FA15: =IF(#REF!="dos",#REF!*#REF!*#REF!,"") -> #REF! | FB15: =IF(#REF!="épaules",#REF!,"") -> #REF! | FC15: =IF(#REF!="épaules",#REF!*#REF!*#REF!,"") -> #REF! | FD15: =IF(#REF!="biceps",#REF!,"") -> #REF! | FE15: =IF(#REF!="biceps",#REF!*#REF!*#REF!,"") -> #REF! | FF15: =IF(#REF!="triceps",#REF!,"") -> #REF! | FG15: =IF(#REF!="triceps",#REF!*#REF!*#REF!,"") -> #REF! | FH15: =IF(#REF!="quads",#REF!,"") -> #REF! | FI15: =IF(#REF!="quads",#REF!*#REF!*#REF!,"") -> #REF! | FJ15: =IF(#REF!="ischios",#REF!,"") -> #REF! | FK15: =IF(#REF!="ischios",#REF!*#REF!*#REF!,"") -> #REF! | FL15: =IF(#REF!="fessier",#REF!,"") -> #REF! | FM15: =IF(#REF!="fessier",#REF!*#REF!*#REF!,"") -> #REF! | FN15: =IF(#REF!="mollets",#REF!,"") -> #REF! | FO15: =IF(#REF!="mollets",#REF!*#REF!*#REF!,"") -> #REF!
D16: Renfo | F16: élévation lateral | G16: 3 | H16: 12 | J16: 7.5 | L16: =IFERROR((J16/VLOOKUP(K16,'RPE vs. %'!$D$3:$P$11,H16+1,FALSE)),"") | O16: =IF(D16="Squat",G16,"") | P16: =IF(D16="Squat",G16*H16*J16,"") | Q16: =IF(D16="Bench",G16,"") | R16: =IF(D16="Bench",G16*H16*J16,"") | S16: =IF(D16="Deadlift",G16,"") | T16: =IF(D16="Deadlift",G16*H16*J16,"") | U16: =IF(E16="pecs",G16,"") | V16: =IF(E16="pecs",G16*H16*J16,"") | W16: =IF(E16="dos",G16,"") | X16: =IF(E16="dos",G16*H16*J16,"") | Y16: =IF(E16="épaules",G16,"") | Z16: =IF(E16="épaules",G16*H16*J16,"") | AA16: =IF(E16="biceps",G16,"") | AB16: =IF(E16="biceps",G16*H16*J16,"") | AC16: =IF(E16="triceps",G16,"") | AD16: =IF(E16="triceps",G16*H16*J16,"") | AE16: =IF(E16="quads",G16,"") | AF16: =IF(E16="quads",G16*H16*J16,"") | AG16: =IF(E16="ischios",G16,"") | AH16: =IF(E16="ischios",G16*H16*J16,"") | AI16: =IF(E16="fessier",G16,"") | AJ16: =IF(E16="fessier",G16*H16*J16,"") | AK16: =IF(E16="mollets",G16,"") | AL16: =IF(E16="mollets",G16*H16*J16,"") | AN16: Renfo | AP16: Traction | AQ16: 3 | AR16: 12 | AT16: 10 | AV16: =IFERROR((AT16/VLOOKUP(AU16,'RPE vs. %'!$D$3:$P$11,AR16+1,FALSE)),"") | AY16: =IF(AN16="Squat",AQ16,"") | AZ16: =IF(AN16="Squat",AQ16*AR16*AT16,"") | BA16: =IF(AN16="Bench",AQ16,"") | BB16: =IF(AN16="Bench",AQ16*AR16*AT16,"") | BC16: =IF(AN16="Deadlift",AQ16,"") | BD16: =IF(AN16="Deadlift",AQ16*AR16*AT16,"") | BE16: =IF(AO16="pecs",AQ16,"") | BF16: =IF(AO16="pecs",AQ16*AR16*AT16,"") | BG16: =IF(AO16="dos",AQ16,"") | BH16: =IF(AO16="dos",AQ16*AR16*AT16,"") | BI16: =IF(AO16="épaules",AQ16,"") | BJ16: =IF(AO16="épaules",AQ16*AR16*AT16,"") | BK16: =IF(AO16="biceps",AQ16,"") | BL16: =IF(AO16="biceps",AQ16*AR16*AT16,"") | BM16: =IF(AO16="triceps",AQ16,"") | BN16: =IF(AO16="triceps",AQ16*AR16*AT16,"") | BO16: =IF(AO16="quads",AQ16,"") | BP16: =IF(AO16="quads",AQ16*AR16*AT16,"") | BQ16: =IF(AO16="ischios",AQ16,"") | BR16: =IF(AO16="ischios",AQ16*AR16*AT16,"") | BS16: =IF(AO16="fessier",AQ16,"") | BT16: =IF(AO16="fessier",AQ16*AR16*AT16,"") | BU16: =IF(AO16="mollets",AQ16,"") | BV16: =IF(AO16="mollets",AQ16*AR16*AT16,"") | BX16: Renfo | BZ16: Extension triceps | CA16: 3 | CB16: 15 | CD16: =IF(BX16="Squat",IF(CC16>10,MROUND((CC16/100*SQMAX),2.5)," "),IF(BX16="Bench",IF(CC16>10,MROUND((CC16/100*BNMAX),2.5)," "),IF(BX16="Deadlift",IF(CC16>10,MROUND((CC16/100*DLMAX),2.5)," ")," "))) | CF16: =IFERROR((CD16/VLOOKUP(CE16,'RPE vs. %'!$D$3:$P$11,CB16+1,FALSE)),"") | CI16: =IF(BX16="Squat",CA16,"") | CJ16: =IF(BX16="Squat",CA16*CB16*CD16,"") | CK16: =IF(BX16="Bench",CA16,"") | CL16: =IF(BX16="Bench",CA16*CB16*CD16,"") | CM16: =IF(BX16="Deadlift",CA16,"") | CN16: =IF(BX16="Deadlift",CA16*CB16*CD16,"") | CO16: =IF(BY16="pecs",CA16,"") | CP16: =IF(BY16="pecs",CA16*CB16*CD16,"") | CQ16: =IF(BY16="dos",CA16,"") | CR16: =IF(BY16="dos",CA16*CB16*CD16,"") | CS16: =IF(BY16="épaules",CA16,"") | CT16: =IF(BY16="épaules",CA16*CB16*CD16,"") | CU16: =IF(BY16="biceps",CA16,"") | CV16: =IF(BY16="biceps",CA16*CB16*CD16,"") | CW16: =IF(BY16="triceps",CA16,"") | CX16: =IF(BY16="triceps",CA16*CB16*CD16,"") | CY16: =IF(BY16="quads",CA16,"") | CZ16: =IF(BY16="quads",CA16*CB16*CD16,"") | DA16: =IF(BY16="ischios",CA16,"") | DB16: =IF(BY16="ischios",CA16*CB16*CD16,"") | DC16: =IF(BY16="fessier",CA16,"") | DD16: =IF(BY16="fessier",CA16*CB16*CD16,"") | DE16: =IF(BY16="mollets",CA16,"") | DF16: =IF(BY16="mollets",CA16*CB16*CD16,"") | DN16: =IF(DH16="Squat",IF(DM16>10,MROUND((DM16/100*SQMAX),2.5)," "),IF(DH16="Bench",IF(DM16>10,MROUND((DM16/100*BNMAX),2.5)," "),IF(DH16="Deadlift",IF(DM16>10,MROUND((DM16/100*DLMAX),2.5)," ")," "))) | DP16: =IFERROR((DN16/VLOOKUP(DO16,'RPE vs. %'!$D$3:$P$11,DL16+1,FALSE)),"") | DT16: =IF(DH16="Squat",DK16,"") | DU16: =IF(DH16="Squat",DK16*DL16*DN16,"") | DV16: =IF(DH16="Bench",DK16,"") | DW16: =IF(DH16="Bench",DK16*DL16*DN16,"") | DX16: =IF(DH16="Deadlift",DK16,"") | DY16: =IF(DH16="Deadlift",DK16*DL16*DN16,"") | DZ16: =IF(DI16="pecs",DK16,"") | EA16: =IF(DI16="pecs",DK16*DL16*DN16,"") | EB16: =IF(DI16="dos",DK16,"") | EC16: =IF(DI16="dos",DK16*DL16*DN16,"") | ED16: =IF(DI16="épaules",DK16,"") | EE16: =IF(DI16="épaules",DK16*DL16*DN16,"") | EF16: =IF(DI16="biceps",DK16,"") | EG16: =IF(DI16="biceps",DK16*DL16*DN16,"") | EH16: =IF(DI16="triceps",DK16,"") | EI16: =IF(DI16="triceps",DK16*DL16*DN16,"") | EJ16: =IF(DI16="quads",DK16,"") | EK16: =IF(DI16="quads",DK16*DL16*DN16,"") | EL16: =IF(DI16="ischios",DK16,"") | EM16: =IF(DI16="ischios",DK16*DL16*DN16,"") | EN16: =IF(DI16="fessier",DK16,"") | EO16: =IF(DI16="fessier",DK16*DL16*DN16,"") | EP16: =IF(DI16="mollets",DK16,"") | EQ16: =IF(DI16="mollets",DK16*DL16*DN16,"") | ER16: =IF(#REF!="Squat",#REF!,"") -> #REF! | ES16: =IF(#REF!="Squat",#REF!*#REF!*#REF!,"") -> #REF! | ET16: =IF(#REF!="Bench",#REF!,"") -> #REF! | EU16: =IF(#REF!="Bench",#REF!*#REF!*#REF!,"") -> #REF! | EV16: =IF(#REF!="Deadlift",#REF!,"") -> #REF! | EW16: =IF(#REF!="Deadlift",#REF!*#REF!*#REF!,"") -> #REF! | EX16: =IF(#REF!="pecs",#REF!,"") -> #REF! | EY16: =IF(#REF!="pecs",#REF!*#REF!*#REF!,"") -> #REF! | EZ16: =IF(#REF!="dos",#REF!,"") -> #REF! | FA16: =IF(#REF!="dos",#REF!*#REF!*#REF!,"") -> #REF! | FB16: =IF(#REF!="épaules",#REF!,"") -> #REF! | FC16: =IF(#REF!="épaules",#REF!*#REF!*#REF!,"") -> #REF! | FD16: =IF(#REF!="biceps",#REF!,"") -> #REF! | FE16: =IF(#REF!="biceps",#REF!*#REF!*#REF!,"") -> #REF! | FF16: =IF(#REF!="triceps",#REF!,"") -> #REF! | FG16: =IF(#REF!="triceps",#REF!*#REF!*#REF!,"") -> #REF! | FH16: =IF(#REF!="quads",#REF!,"") -> #REF! | FI16: =IF(#REF!="quads",#REF!*#REF!*#REF!,"") -> #REF! | FJ16: =IF(#REF!="ischios",#REF!,"") -> #REF! | FK16: =IF(#REF!="ischios",#REF!*#REF!*#REF!,"") -> #REF! | FL16: =IF(#REF!="fessier",#REF!,"") -> #REF! | FM16: =IF(#REF!="fessier",#REF!*#REF!*#REF!,"") -> #REF! | FN16: =IF(#REF!="mollets",#REF!,"") -> #REF! | FO16: =IF(#REF!="mollets",#REF!*#REF!*#REF!,"") -> #REF!
J17: =IF(D17="Squat",IF(I17>10,MROUND((I17/100*SQMAX),2.5)," "),IF(D17="Bench",IF(I17>10,MROUND((I17/100*BNMAX),2.5)," "),IF(D17="Deadlift",IF(I17>10,MROUND((I17/100*DLMAX),2.5)," ")," "))) | L17: =IFERROR((J17/VLOOKUP(K17,'RPE vs. %'!$D$3:$P$11,H17+1,FALSE)),"") | O17: =IF(D17="Squat",G17,"") | P17: =IF(D17="Squat",G17*H17*J17,"") | Q17: =IF(D17="Bench",G17,"") | R17: =IF(D17="Bench",G17*H17*J17,"") | S17: =IF(D17="Deadlift",G17,"") | T17: =IF(D17="Deadlift",G17*H17*J17,"") | U17: =IF(E17="pecs",G17,"") | V17: =IF(E17="pecs",G17*H17*J17,"") | W17: =IF(E17="dos",G17,"") | X17: =IF(E17="dos",G17*H17*J17,"") | Y17: =IF(E17="épaules",G17,"") | Z17: =IF(E17="épaules",G17*H17*J17,"") | AA17: =IF(E17="biceps",G17,"") | AB17: =IF(E17="biceps",G17*H17*J17,"") | AC17: =IF(E17="triceps",G17,"") | AD17: =IF(E17="triceps",G17*H17*J17,"") | AE17: =IF(E17="quads",G17,"") | AF17: =IF(E17="quads",G17*H17*J17,"") | AG17: =IF(E17="ischios",G17,"") | AH17: =IF(E17="ischios",G17*H17*J17,"") | AI17: =IF(E17="fessier",G17,"") | AJ17: =IF(E17="fessier",G17*H17*J17,"") | AK17: =IF(E17="mollets",G17,"") | AL17: =IF(E17="mollets",G17*H17*J17,"") | AT17: =IF(AN17="Squat",IF(AS17>10,MROUND((AS17/100*SQMAX),2.5)," "),IF(AN17="Bench",IF(AS17>10,MROUND((AS17/100*BNMAX),2.5)," "),IF(AN17="Deadlift",IF(AS17>10,MROUND((AS17/100*DLMAX),2.5)," ")," "))) | AV17: =IFERROR((AT17/VLOOKUP(AU17,'RPE vs. %'!$D$3:$P$11,AR17+1,FALSE)),"") | AY17: =IF(AN17="Squat",AQ17,"") | AZ17: =IF(AN17="Squat",AQ17*AR17*AT17,"") | BA17: =IF(AN17="Bench",AQ17,"") | BB17: =IF(AN17="Bench",AQ17*AR17*AT17,"") | BC17: =IF(AN17="Deadlift",AQ17,"") | BD17: =IF(AN17="Deadlift",AQ17*AR17*AT17,"") | BE17: =IF(AO17="pecs",AQ17,"") | BF17: =IF(AO17="pecs",AQ17*AR17*AT17,"") | BG17: =IF(AO17="dos",AQ17,"") | BH17: =IF(AO17="dos",AQ17*AR17*AT17,"") | BI17: =IF(AO17="épaules",AQ17,"") | BJ17: =IF(AO17="épaules",AQ17*AR17*AT17,"") | BK17: =IF(AO17="biceps",AQ17,"") | BL17: =IF(AO17="biceps",AQ17*AR17*AT17,"") | BM17: =IF(AO17="triceps",AQ17,"") | BN17: =IF(AO17="triceps",AQ17*AR17*AT17,"") | BO17: =IF(AO17="quads",AQ17,"") | BP17: =IF(AO17="quads",AQ17*AR17*AT17,"") | BQ17: =IF(AO17="ischios",AQ17,"") | BR17: =IF(AO17="ischios",AQ17*AR17*AT17,"") | BS17: =IF(AO17="fessier",AQ17,"") | BT17: =IF(AO17="fessier",AQ17*AR17*AT17,"") | BU17: =IF(AO17="mollets",AQ17,"") | BV17: =IF(AO17="mollets",AQ17*AR17*AT17,"") | CD17: =IF(BX17="Squat",IF(CC17>10,MROUND((CC17/100*SQMAX),2.5)," "),IF(BX17="Bench",IF(CC17>10,MROUND((CC17/100*BNMAX),2.5)," "),IF(BX17="Deadlift",IF(CC17>10,MROUND((CC17/100*DLMAX),2.5)," ")," "))) | CF17: =IFERROR((CD17/VLOOKUP(CE17,'RPE vs. %'!$D$3:$P$11,CB17+1,FALSE)),"") | CI17: =IF(BX17="Squat",CA17,"") | CJ17: =IF(BX17="Squat",CA17*CB17*CD17,"") | CK17: =IF(BX17="Bench",CA17,"") | CL17: =IF(BX17="Bench",CA17*CB17*CD17,"") | CM17: =IF(BX17="Deadlift",CA17,"") | CN17: =IF(BX17="Deadlift",CA17*CB17*CD17,"") | CO17: =IF(BY17="pecs",CA17,"") | CP17: =IF(BY17="pecs",CA17*CB17*CD17,"") | CQ17: =IF(BY17="dos",CA17,"") | CR17: =IF(BY17="dos",CA17*CB17*CD17,"") | CS17: =IF(BY17="épaules",CA17,"") | CT17: =IF(BY17="épaules",CA17*CB17*CD17,"") | CU17: =IF(BY17="biceps",CA17,"") | CV17: =IF(BY17="biceps",CA17*CB17*CD17,"") | CW17: =IF(BY17="triceps",CA17,"") | CX17: =IF(BY17="triceps",CA17*CB17*CD17,"") | CY17: =IF(BY17="quads",CA17,"") | CZ17: =IF(BY17="quads",CA17*CB17*CD17,"") | DA17: =IF(BY17="ischios",CA17,"") | DB17: =IF(BY17="ischios",CA17*CB17*CD17,"") | DC17: =IF(BY17="fessier",CA17,"") | DD17: =IF(BY17="fessier",CA17*CB17*CD17,"") | DE17: =IF(BY17="mollets",CA17,"") | DF17: =IF(BY17="mollets",CA17*CB17*CD17,"") | DN17: =IF(DH17="Squat",IF(DM17>10,MROUND((DM17/100*SQMAX),2.5)," "),IF(DH17="Bench",IF(DM17>10,MROUND((DM17/100*BNMAX),2.5)," "),IF(DH17="Deadlift",IF(DM17>10,MROUND((DM17/100*DLMAX),2.5)," ")," "))) | DP17: =IFERROR((DN17/VLOOKUP(DO17,'RPE vs. %'!$D$3:$P$11,DL17+1,FALSE)),"") | DT17: =IF(DH17="Squat",DK17,"") | DU17: =IF(DH17="Squat",DK17*DL17*DN17,"") | DV17: =IF(DH17="Bench",DK17,"") | DW17: =IF(DH17="Bench",DK17*DL17*DN17,"") | DX17: =IF(DH17="Deadlift",DK17,"") | DY17: =IF(DH17="Deadlift",DK17*DL17*DN17,"") | DZ17: =IF(DI17="pecs",DK17,"") | EA17: =IF(DI17="pecs",DK17*DL17*DN17,"") | EB17: =IF(DI17="dos",DK17,"") | EC17: =IF(DI17="dos",DK17*DL17*DN17,"") | ED17: =IF(DI17="épaules",DK17,"") | EE17: =IF(DI17="épaules",DK17*DL17*DN17,"") | EF17: =IF(DI17="biceps",DK17,"") | EG17: =IF(DI17="biceps",DK17*DL17*DN17,"") | EH17: =IF(DI17="triceps",DK17,"") | EI17: =IF(DI17="triceps",DK17*DL17*DN17,"") | EJ17: =IF(DI17="quads",DK17,"") | EK17: =IF(DI17="quads",DK17*DL17*DN17,"") | EL17: =IF(DI17="ischios",DK17,"") | EM17: =IF(DI17="ischios",DK17*DL17*DN17,"") | EN17: =IF(DI17="fessier",DK17,"") | EO17: =IF(DI17="fessier",DK17*DL17*DN17,"") | EP17: =IF(DI17="mollets",DK17,"") | EQ17: =IF(DI17="mollets",DK17*DL17*DN17,"") | ER17: =IF(#REF!="Squat",#REF!,"") -> #REF! | ES17: =IF(#REF!="Squat",#REF!*#REF!*#REF!,"") -> #REF! | ET17: =IF(#REF!="Bench",#REF!,"") -> #REF! | EU17: =IF(#REF!="Bench",#REF!*#REF!*#REF!,"") -> #REF! | EV17: =IF(#REF!="Deadlift",#REF!,"") -> #REF! | EW17: =IF(#REF!="Deadlift",#REF!*#REF!*#REF!,"") -> #REF! | EX17: =IF(#REF!="pecs",#REF!,"") -> #REF! | EY17: =IF(#REF!="pecs",#REF!*#REF!*#REF!,"") -> #REF! | EZ17: =IF(#REF!="dos",#REF!,"") -> #REF! | FA17: =IF(#REF!="dos",#REF!*#REF!*#REF!,"") -> #REF! | FB17: =IF(#REF!="épaules",#REF!,"") -> #REF! | FC17: =IF(#REF!="épaules",#REF!*#REF!*#REF!,"") -> #REF! | FD17: =IF(#REF!="biceps",#REF!,"") -> #REF! | FE17: =IF(#REF!="biceps",#REF!*#REF!*#REF!,"") -> #REF! | FF17: =IF(#REF!="triceps",#REF!,"") -> #REF! | FG17: =IF(#REF!="triceps",#REF!*#REF!*#REF!,"") -> #REF! | FH17: =IF(#REF!="quads",#REF!,"") -> #REF! | FI17: =IF(#REF!="quads",#REF!*#REF!*#REF!,"") -> #REF! | FJ17: =IF(#REF!="ischios",#REF!,"") -> #REF! | FK17: =IF(#REF!="ischios",#REF!*#REF!*#REF!,"") -> #REF! | FL17: =IF(#REF!="fessier",#REF!,"") -> #REF! | FM17: =IF(#REF!="fessier",#REF!*#REF!*#REF!,"") -> #REF! | FN17: =IF(#REF!="mollets",#REF!,"") -> #REF! | FO17: =IF(#REF!="mollets",#REF!*#REF!*#REF!,"") -> #REF!
O18: =SUM(O11:O17) -> 3 | P18: =SUM(P11:P17) -> 2025 | Q18: =SUM(Q11:Q17) -> 3 | R18: =SUM(R11:R17) -> 2340 | S18: =SUM(S11:S17) -> 0 | T18: =SUM(T11:T17) -> 0 | U18: =SUM(U11:U17) -> 0 | V18: =SUM(V11:V17) -> 0 | ... AL18: =SUM(AL11:AL17) -> 0 | AY18: =SUM(AY11:AY17) -> 0 | AZ18: =SUM(AZ11:AZ17) -> 0 | BA18: =SUM(BA11:BA17) -> 3 | BB18: =SUM(BB11:BB17) -> 1350 | BC18: =SUM(BC11:BC17) -> 5 | BD18: =SUM(BD11:BD17) -> 3300 | BE18: =SUM(BE11:BE17) -> 0 | BF18: =SUM(BF11:BF17) -> 0 | ... BV18: =SUM(BV11:BV17) -> 0 | CI18: =SUM(CI11:CI17) -> 3 | CJ18: =SUM(CJ11:CJ17) -> 1912.5 | CK18: =SUM(CK11:CK17) -> 6 | CL18: =SUM(CL11:CL17) -> 1630 | CM18: =SUM(CM11:CM17) -> 0 | CN18: =SUM(CN11:CN17) -> 0 | CO18: =SUM(CO11:CO17) -> 0 | CP18: =SUM(CP11:CP17) -> 0 | ... DF18: =SUM(DF11:DF17) -> 0 | DT18: =SUM(DT11:DT17) -> 3 | DU18: =SUM(DU11:DU17) -> 1485 | DV18: =SUM(DV11:DV17) -> 3 | DW18: =SUM(DW11:DW17) -> 1035 | DX18: =SUM(DX11:DX17) -> 3 | DY18: =SUM(DY11:DY17) -> 1845 | DZ18: =SUM(DZ11:DZ17) -> 0 | EA18: =SUM(EA11:EA17) -> 0 | ... FO18: =SUM(FO11:FO17) -> #REF!
D19: Type | E19: Muscle | F19: Exercices | G19: Sets | H19: Reps | I19: Intensité | J19: Charge | K19: RPE | L19: e1RM | M19: Notes | O19: VOLUME S2J1 | AN19: Type | AO19: Muscle | AP19: Exercices | AQ19: Sets | AR19: Reps | AS19: Intensité | AT19: Charge | AU19: RPE | AV19: e1RM | AW19: Notes | AY19: VOLUME S2J1 | BX19: Type | BY19: Muscle | BZ19: Exercices | CA19: Sets | CB19: Reps | CC19: Intensité | CD19: Charge | CE19: RPE | CF19: e1RM | CG19: Notes | CI19: VOLUME S2J1 | DH19: Type | DI19: Muscle | DJ19: Exercices | DK19: Sets | DL19: Reps | DM19: Intensité | DN19: Charge | DO19: RPE | DP19: e1RM | DQ19: Notes | DT19: VOLUME S2J1 | ER19: VOLUME S2J1
B20: Semaine 2 | D20: =D11 -> Squat | E20: =E11 | F20: =F11 -> Squat 4/1/0 | G20: =G11 -> 2 | H20: =H11 -> 5 | I20: 70 | J20: =IF(D20="Squat",IF(I20>10,MROUND((I20/100*SQMAX),2.5)," "),IF(D20="Bench",IF(I20>10,MROUND((I20/100*BNMAX),2.5)," "),IF(D20="Deadlift",IF(I20>10,MROUND((I20/100*DLMAX),2.5)," ")," "))) -> 140 | K20: 7.5 | L20: =IFERROR((J20/VLOOKUP(K20,'RPE vs. %'!$D$3:$P$11,H20+1,FALSE)),"") -> 175.21902 | M20: Rowing 9,9,8 | O20: squat | Q20: bench | S20: deadlift | U20: pecs | W20: dos | Y20: épaules | AA20: biceps | AC20: triceps | AE20: quads | AG20: ischios | AI20: fessier | AK20: mollets | AN20: =AN11 -> Deadlift | AO20: =AO11 | AP20: =AP11 -> Deadlift | AQ20: =AQ11 -> 3 | AR20: =AR11 -> 3 | AS20: =AS11+3 -> 83 | AT20: =IF(AN20="Squat",IF(AS20>10,MROUND((AS20/100*SQMAX),2.5)," "),IF(AN20="Bench",IF(AS20>10,MROUND((AS20/100*BNMAX),2.5)," "),IF(AN20="Deadlift",IF(AS20>10,MROUND((AS20/100*DLMAX),2.5)," ")," "))) -> 207.5 | AV20: =IFERROR((AT20/VLOOKUP(AU20,'RPE vs. %'!$D$3:$P$11,AR20+1,FALSE)),"") | AW20: Indiquer votre forme du jour, vos observations, blessures, ... | AY20: squat | BA20: bench | BC20: deadlift | BE20: pecs | BG20: dos | BI20: épaules | BK20: biceps | BM20: triceps | BO20: quads | BQ20: ischios | BS20: fessier | BU20: mollets | BX20: =BX11 -> Squat | BY20: =BY11 | BZ20: =BZ11 -> Squat pause | CA20: =CA11 -> 3 | CB20: =CB11 -> 5 | CC20: =CC11+4 -> 68 | CD20: =IF(BX20="Squat",IF(CC20>10,MROUND((CC20/100*SQMAX),2.5)," "),IF(BX20="Bench",IF(CC20>10,MROUND((CC20/100*BNMAX),2.5)," "),IF(BX20="Deadlift",IF(CC20>10,MROUND((CC20/100*DLMAX),2.5)," ")," "))) -> 135 | CF20: =IFERROR((CD20/VLOOKUP(CE20,'RPE vs. %'!$D$3:$P$11,CB20+1,FALSE)),"") | CG20: Indiquer votre forme du jour, vos observations, blessures, ... | CI20: squat | CK20: bench | CM20: deadlift | CO20: pecs | CQ20: dos | CS20: épaules | CU20: biceps | CW20: triceps | CY20: quads | DA20: ischios | DC20: fessier | DE20: mollets | DH20: =DH11 -> Squat | DI20: =DI11 | DJ20: =DJ11 -> Squat | DK20: =DK11 -> 3 | DL20: =DL11 -> 3 | DM20: =DM11+3 -> 85 | DN20: =IF(DH20="Squat",IF(DM20>10,MROUND((DM20/100*SQMAX),2.5)," "),IF(DH20="Bench",IF(DM20>10,MROUND((DM20/100*BNMAX),2.5)," "),IF(DH20="Deadlift",IF(DM20>10,MROUND((DM20/100*DLMAX),2.5)," ")," "))) -> 170 | DP20: =IFERROR((DN20/VLOOKUP(DO20,'RPE vs. %'!$D$3:$P$11,DL20+1,FALSE)),"") | DQ20: Indiquer votre forme du jour, vos observations, blessures, ... | DT20: squat | DV20: bench | DX20: deadlift | DZ20: pecs | EB20: dos | ED20: épaules | EF20: biceps | EH20: triceps | EJ20: quads | EL20: ischios | EN20: fessier | EP20: mollets | ER20: squat | ET20: bench | EV20: deadlift | EX20: pecs | EZ20: dos | FB20: épaules | FD20: biceps | FF20: triceps | FH20: quads | FJ20: ischios | FL20: fessier | FN20: mollets
D21: =D12 -> Squat | E21: =E12 | F21: =F12 -> Squat | G21: =G12 -> 1 | H21: =H12 -> 5 | I21: =I12+3 -> 75 | J21: =IF(D21="Squat",IF(I21>10,MROUND((I21/100*SQMAX),2.5)," "),IF(D21="Bench",IF(I21>10,MROUND((I21/100*BNMAX),2.5)," "),IF(D21="Deadlift",IF(I21>10,MROUND((I21/100*DLMAX),2.5)," ")," "))) -> 150 | L21: =IFERROR((J21/VLOOKUP(K21,'RPE vs. %'!$D$3:$P$11,H21+1,FALSE)),"") | O21: Série | P21: Tonnage | Q21: Série | R21: Tonnage | S21: Série | T21: Tonnage | U21: Série | V21: Tonnage | W21: Série | X21: Tonnage | Y21: Série | Z21: Tonnage | AA21: Série | AB21: Tonnage | AC21: Série | AD21: Tonnage | AE21: Série | AF21: Tonnage | AG21: Série | AH21: Tonnage | AI21: Série | AJ21: Tonnage | AK21: Série | AL21: Tonnage | AN21: =AN12 -> Deadlift | AO21: =AO12 | AP21: =AP12 -> Deadlift pause | AQ21: =AQ12 -> 2 | AR21: =AR12 -> 5 | AS21: =AS12+3 -> 63 | AT21: =IF(AN21="Squat",IF(AS21>10,MROUND((AS21/100*SQMAX),2.5)," "),IF(AN21="Bench",IF(AS21>10,MROUND((AS21/100*BNMAX),2.5)," "),IF(AN21="Deadlift",IF(AS21>10,MROUND((AS21/100*DLMAX),2.5)," ")," "))) -> 157.5 | AV21: =IFERROR((AT21/VLOOKUP(AU21,'RPE vs. %'!$D$3:$P$11,AR21+1,FALSE)),"") | AY21: Série | AZ21: Tonnage | BA21: Série | BB21: Tonnage | BC21: Série | BD21: Tonnage | BE21: Série | BF21: Tonnage | BG21: Série | BH21: Tonnage | BI21: Série | BJ21: Tonnage | BK21: Série | BL21: Tonnage | BM21: Série | BN21: Tonnage | BO21: Série | BP21: Tonnage | BQ21: Série | BR21: Tonnage | BS21: Série | BT21: Tonnage | BU21: Série | BV21: Tonnage | BX21: =BX12 -> Bench | BY21: =BY12 | BZ21: =BZ12 -> Bench | CA21: =CA12 -> 4 | CB21: =CB12 -> 2 | CC21: 91 | CD21: =IF(BX21="Squat",IF(CC21>10,MROUND((CC21/100*SQMAX),2.5)," "),IF(BX21="Bench",IF(CC21>10,MROUND((CC21/100*BNMAX),2.5)," "),IF(BX21="Deadlift",IF(CC21>10,MROUND((CC21/100*DLMAX),2.5)," ")," "))) -> 127.5 | CF21: =IFERROR((CD21/VLOOKUP(CE21,'RPE vs. %'!$D$3:$P$11,CB21+1,FALSE)),"") | CI21: Série | CJ21: Tonnage | CK21: Série | CL21: Tonnage | CM21: Série | CN21: Tonnage | CO21: Série | CP21: Tonnage | CQ21: Série | CR21: Tonnage | CS21: Série | CT21: Tonnage | CU21: Série | CV21: Tonnage | CW21: Série | CX21: Tonnage | CY21: Série | CZ21: Tonnage | DA21: Série | DB21: Tonnage | DC21: Série | DD21: Tonnage | DE21: Série | DF21: Tonnage | DH21: =DH12 -> Bench | DI21: =DI12 | DJ21: =DJ12 -> Bench | DK21: =DK12 -> 3 | DL21: =DL12 -> 3 | DM21: =DM12+3 -> 85 | DN21: =IF(DH21="Squat",IF(DM21>10,MROUND((DM21/100*SQMAX),2.5)," "),IF(DH21="Bench",IF(DM21>10,MROUND((DM21/100*BNMAX),2.5)," "),IF(DH21="Deadlift",IF(DM21>10,MROUND((DM21/100*DLMAX),2.5)," ")," "))) -> 120 | DP21: =IFERROR((DN21/VLOOKUP(DO21,'RPE vs. %'!$D$3:$P$11,DL21+1,FALSE)),"") | DT21: Série | DU21: Tonnage | DV21: Série | DW21: Tonnage | DX21: Série | DY21: Tonnage | DZ21: Série | EA21: Tonnage | EB21: Série | EC21: Tonnage | ED21: Série | EE21: Tonnage | EF21: Série | EG21: Tonnage | EH21: Série | EI21: Tonnage | EJ21: Série | EK21: Tonnage | EL21: Série | EM21: Tonnage | EN21: Série | EO21: Tonnage | EP21: Série | EQ21: Tonnage | ER21: Série | ES21: Tonnage | ET21: Série | EU21: Tonnage | EV21: Série | EW21: Tonnage | EX21: Série | EY21: Tonnage | EZ21: Série | FA21: Tonnage | FB21: Série | FC21: Tonnage | FD21: Série | FE21: Tonnage | FF21: Série | FG21: Tonnage | FH21: Série | FI21: Tonnage | FJ21: Série | FK21: Tonnage | FL21: Série | FM21: Tonnage | FN21: Série | FO21: Tonnage
D22: =D13 -> Bench | E22: =E13 | F22: =F13 -> Bench | G22: =G13 -> 3 | H22: =H13 -> 8 | I22: =I13+3 -> 73 | J22: =IF(D22="Squat",IF(I22>10,MROUND((I22/100*SQMAX),2.5)," "),IF(D22="Bench",IF(I22>10,MROUND((I22/100*BNMAX),2.5)," "),IF(D22="Deadlift",IF(I22>10,MROUND((I22/100*DLMAX),2.5)," ")," "))) -> 102.5 | L22: =IFERROR((J22/VLOOKUP(K22,'RPE vs. %'!$D$3:$P$11,H22+1,FALSE)),"") | O22: =IF(D20="Squat",G20,"") -> 2 | P22: =IF(D20="Squat",G20*H20*J20,"") -> 1400 | Q22: =IF(D20="Bench",G20,"") | R22: =IF(D20="Bench",G20*H20*J20,"") | S22: =IF(D20="Deadlift",G20,"") | T22: =IF(D20="Deadlift",G20*H20*J20,"") | U22: =IF(E20="pecs",G20,"") | V22: =IF(E20="pecs",G20*H20*J20,"") | W22: =IF(E20="dos",G20,"") | X22: =IF(E20="dos",G20*H20*J20,"") | Y22: =IF(E20="épaules",G20,"") | Z22: =IF(E20="épaules",G20*H20*J20,"") | AA22: =IF(E20="biceps",G20,"") | AB22: =IF(E20="biceps",G20*H20*J20,"") | AC22: =IF(E20="triceps",G20,"") | AD22: =IF(E20="triceps",G20*H20*J20,"") | AE22: =IF(E20="quads",G20,"") | AF22: =IF(E20="quads",G20*H20*J20,"") | AG22: =IF(E20="ischios",G20,"") | AH22: =IF(E20="ischios",G20*H20*J20,"") | AI22: =IF(E20="fessier",G20,"") | AJ22: =IF(E20="fessier",G20*H20*J20,"") | AK22: =IF(E20="mollets",G20,"") | AL22: =IF(E20="mollets",G20*H20*J20,"") | AN22: =AN13 -> Bench | AO22: =AO13 | AP22: =AP13 -> Bench larsen | AQ22: =AQ13 -> 3 | AR22: =AR13 -> 5 | AS22: =AS13+3 -> 67 | AT22: =IF(AN22="Squat",IF(AS22>10,MROUND((AS22/100*SQMAX),2.5)," "),IF(AN22="Bench",IF(AS22>10,MROUND((AS22/100*BNMAX),2.5)," "),IF(AN22="Deadlift",IF(AS22>10,MROUND((AS22/100*DLMAX),2.5)," ")," "))) -> 95 | AV22: =IFERROR((AT22/VLOOKUP(AU22,'RPE vs. %'!$D$3:$P$11,AR22+1,FALSE)),"") | AY22: =IF(AN20="Squat",AQ20,"") | AZ22: =IF(AN20="Squat",AQ20*AR20*AT20,"") | BA22: =IF(AN20="Bench",AQ20,"") | BB22: =IF(AN20="Bench",AQ20*AR20*AT20,"") | BC22: =IF(AN20="Deadlift",AQ20,"") -> 3 | BD22: =IF(AN20="Deadlift",AQ20*AR20*AT20,"") -> 1867.5 | BE22: =IF(AO20="pecs",AQ20,"") | BF22: =IF(AO20="pecs",AQ20*AR20*AT20,"") | BG22: =IF(AO20="dos",AQ20,"") | BH22: =IF(AO20="dos",AQ20*AR20*AT20,"") | BI22: =IF(AO20="épaules",AQ20,"") | BJ22: =IF(AO20="épaules",AQ20*AR20*AT20,"") | BK22: =IF(AO20="biceps",AQ20,"") | BL22: =IF(AO20="biceps",AQ20*AR20*AT20,"") | BM22: =IF(AO20="triceps",AQ20,"") | BN22: =IF(AO20="triceps",AQ20*AR20*AT20,"") | BO22: =IF(AO20="quads",AQ20,"") | BP22: =IF(AO20="quads",AQ20*AR20*AT20,"") | BQ22: =IF(AO20="ischios",AQ20,"") | BR22: =IF(AO20="ischios",AQ20*AR20*AT20,"") | BS22: =IF(AO20="fessier",AQ20,"") | BT22: =IF(AO20="fessier",AQ20*AR20*AT20,"") | BU22: =IF(AO20="mollets",AQ20,"") | BV22: =IF(AO20="mollets",AQ20*AR20*AT20,"") | BX22: =BX13 -> Bench | BY22: =BY13 | BZ22: =BZ13 -> Bench 2ct | CA22: =CA13 -> 2 | CB22: =CB13 -> 3 | CC22: =CC13+3 -> 78 | CD22: =IF(BX22="Squat",IF(CC22>10,MROUND((CC22/100*SQMAX),2.5)," "),IF(BX22="Bench",IF(CC22>10,MROUND((CC22/100*BNMAX),2.5)," "),IF(BX22="Deadlift",IF(CC22>10,MROUND((CC22/100*DLMAX),2.5)," ")," "))) -> 110 | CF22: =IFERROR((CD22/VLOOKUP(CE22,'RPE vs. %'!$D$3:$P$11,CB22+1,FALSE)),"") | CI22: =IF(BX20="Squat",CA20,"") -> 3 | CJ22: =IF(BX20="Squat",CA20*CB20*CD20,"") -> 2025 | CK22: =IF(BX20="Bench",CA20,"") | CL22: =IF(BX20="Bench",CA20*CB20*CD20,"") | CM22: =IF(BX20="Deadlift",CA20,"") | CN22: =IF(BX20="Deadlift",CA20*CB20*CD20,"") | CO22: =IF(BY20="pecs",CA20,"") | CP22: =IF(BY20="pecs",CA20*CB20*CD20,"") | CQ22: =IF(BY20="dos",CA20,"") | CR22: =IF(BY20="dos",CA20*CB20*CD20,"") | CS22: =IF(BY20="épaules",CA20,"") | CT22: =IF(BY20="épaules",CA20*CB20*CD20,"") | CU22: =IF(BY20="biceps",CA20,"") | CV22: =IF(BY20="biceps",CA20*CB20*CD20,"") | CW22: =IF(BY20="triceps",CA20,"") | CX22: =IF(BY20="triceps",CA20*CB20*CD20,"") | CY22: =IF(BY20="quads",CA20,"") | CZ22: =IF(BY20="quads",CA20*CB20*CD20,"") | DA22: =IF(BY20="ischios",CA20,"") | DB22: =IF(BY20="ischios",CA20*CB20*CD20,"") | DC22: =IF(BY20="fessier",CA20,"") | DD22: =IF(BY20="fessier",CA20*CB20*CD20,"") | DE22: =IF(BY20="mollets",CA20,"") | DF22: =IF(BY20="mollets",CA20*CB20*CD20,"") | DH22: =DH13 -> Deadlift | DI22: =DI13 | DJ22: =DJ13 -> Deadlift | DK22: =DK13 -> 3 | DL22: =DL13 -> 3 | DM22: =DM13+3 -> 85 | DN22: =IF(DH22="Squat",IF(DM22>10,MROUND((DM22/100*SQMAX),2.5)," "),IF(DH22="Bench",IF(DM22>10,MROUND((DM22/100*BNMAX),2.5)," "),IF(DH22="Deadlift",IF(DM22>10,MROUND((DM22/100*DLMAX),2.5)," ")," "))) -> 212.5 | DP22: =IFERROR((DN22/VLOOKUP(DO22,'RPE vs. %'!$D$3:$P$11,DL22+1,FALSE)),"") | DT22: =IF(DH20="Squat",DK20,"") -> 3 | DU22: =IF(DH20="Squat",DK20*DL20*DN20,"") -> 1530 | DV22: =IF(DH20="Bench",DK20,"") | DW22: =IF(DH20="Bench",DK20*DL20*DN20,"") | DX22: =IF(DH20="Deadlift",DK20,"") | DY22: =IF(DH20="Deadlift",DK20*DL20*DN20,"") | DZ22: =IF(DI20="pecs",DK20,"") | EA22: =IF(DI20="pecs",DK20*DL20*DN20,"") | EB22: =IF(DI20="dos",DK20,"") | EC22: =IF(DI20="dos",DK20*DL20*DN20,"") | ED22: =IF(DI20="épaules",DK20,"") | EE22: =IF(DI20="épaules",DK20*DL20*DN20,"") | EF22: =IF(DI20="biceps",DK20,"") | EG22: =IF(DI20="biceps",DK20*DL20*DN20,"") | EH22: =IF(DI20="triceps",DK20,"") | EI22: =IF(DI20="triceps",DK20*DL20*DN20,"") | EJ22: =IF(DI20="quads",DK20,"") | EK22: =IF(DI20="quads",DK20*DL20*DN20,"") | EL22: =IF(DI20="ischios",DK20,"") | EM22: =IF(DI20="ischios",DK20*DL20*DN20,"") | EN22: =IF(DI20="fessier",DK20,"") | EO22: =IF(DI20="fessier",DK20*DL20*DN20,"") | EP22: =IF(DI20="mollets",DK20,"") | EQ22: =IF(DI20="mollets",DK20*DL20*DN20,"") | ER22: =IF(#REF!="Squat",#REF!,"") -> #REF! | ES22: =IF(#REF!="Squat",#REF!*#REF!*#REF!,"") -> #REF! | ET22: =IF(#REF!="Bench",#REF!,"") -> #REF! | EU22: =IF(#REF!="Bench",#REF!*#REF!*#REF!,"") -> #REF! | EV22: =IF(#REF!="Deadlift",#REF!,"") -> #REF! | EW22: =IF(#REF!="Deadlift",#REF!*#REF!*#REF!,"") -> #REF! | EX22: =IF(#REF!="pecs",#REF!,"") -> #REF! | EY22: =IF(#REF!="pecs",#REF!*#REF!*#REF!,"") -> #REF! | EZ22: =IF(#REF!="dos",#REF!,"") -> #REF! | FA22: =IF(#REF!="dos",#REF!*#REF!*#REF!,"") -> #REF! | FB22: =IF(#REF!="épaules",#REF!,"") -> #REF! | FC22: =IF(#REF!="épaules",#REF!*#REF!*#REF!,"") -> #REF! | FD22: =IF(#REF!="biceps",#REF!,"") -> #REF! | FE22: =IF(#REF!="biceps",#REF!*#REF!*#REF!,"") -> #REF! | FF22: =IF(#REF!="triceps",#REF!,"") -> #REF! | FG22: =IF(#REF!="triceps",#REF!*#REF!*#REF!,"") -> #REF! | FH22: =IF(#REF!="quads",#REF!,"") -> #REF! | FI22: =IF(#REF!="quads",#REF!*#REF!*#REF!,"") -> #REF! | FJ22: =IF(#REF!="ischios",#REF!,"") -> #REF! | FK22: =IF(#REF!="ischios",#REF!*#REF!*#REF!,"") -> #REF! | FL22: =IF(#REF!="fessier",#REF!,"") -> #REF! | FM22: =IF(#REF!="fessier",#REF!*#REF!*#REF!,"") -> #REF! | FN22: =IF(#REF!="mollets",#REF!,"") -> #REF! | FO22: =IF(#REF!="mollets",#REF!*#REF!*#REF!,"") -> #REF!
D23: =D14 -> Renfo | E23: =E14 | F23: =F14 -> Hack squat | G23: =G14 -> 2 | H23: =H14 -> 45938 | I23: =I14 | J23: 120 | L23: =IFERROR((J23/VLOOKUP(K23,'RPE vs. %'!$D$3:$P$11,H23+1,FALSE)),"") | O23: =IF(D21="Squat",G21,"") -> 1 | P23: =IF(D21="Squat",G21*H21*J21,"") -> 750 | Q23: =IF(D21="Bench",G21,"") | R23: =IF(D21="Bench",G21*H21*J21,"") | S23: =IF(D21="Deadlift",G21,"") | T23: =IF(D21="Deadlift",G21*H21*J21,"") | U23: =IF(E21="pecs",G21,"") | V23: =IF(E21="pecs",G21*H21*J21,"") | W23: =IF(E21="dos",G21,"") | X23: =IF(E21="dos",G21*H21*J21,"") | Y23: =IF(E21="épaules",G21,"") | Z23: =IF(E21="épaules",G21*H21*J21,"") | AA23: =IF(E21="biceps",G21,"") | AB23: =IF(E21="biceps",G21*H21*J21,"") | AC23: =IF(E21="triceps",G21,"") | AD23: =IF(E21="triceps",G21*H21*J21,"") | AE23: =IF(E21="quads",G21,"") | AF23: =IF(E21="quads",G21*H21*J21,"") | AG23: =IF(E21="ischios",G21,"") | AH23: =IF(E21="ischios",G21*H21*J21,"") | AI23: =IF(E21="fessier",G21,"") | AJ23: =IF(E21="fessier",G21*H21*J21,"") | AK23: =IF(E21="mollets",G21,"") | AL23: =IF(E21="mollets",G21*H21*J21,"") | AN23: =AN14 -> Renfo | AO23: =AO14 | AP23: =AP14 -> Rdl uni | AQ23: =AQ14 -> 3 | AR23: =AR14 -> 8 | AS23: =AS14 | AT23: =IF(AN23="Squat",IF(AS23>10,MROUND((AS23/100*SQMAX),2.5)," "),IF(AN23="Bench",IF(AS23>10,MROUND((AS23/100*BNMAX),2.5)," "),IF(AN23="Deadlift",IF(AS23>10,MROUND((AS23/100*DLMAX),2.5)," ")," "))) | AV23: =IFERROR((AT23/VLOOKUP(AU23,'RPE vs. %'!$D$3:$P$11,AR23+1,FALSE)),"") | AY23: =IF(AN21="Squat",AQ21,"") | AZ23: =IF(AN21="Squat",AQ21*AR21*AT21,"") | BA23: =IF(AN21="Bench",AQ21,"") | BB23: =IF(AN21="Bench",AQ21*AR21*AT21,"") | BC23: =IF(AN21="Deadlift",AQ21,"") -> 2 | BD23: =IF(AN21="Deadlift",AQ21*AR21*AT21,"") -> 1575 | BE23: =IF(AO21="pecs",AQ21,"") | BF23: =IF(AO21="pecs",AQ21*AR21*AT21,"") | BG23: =IF(AO21="dos",AQ21,"") | BH23: =IF(AO21="dos",AQ21*AR21*AT21,"") | BI23: =IF(AO21="épaules",AQ21,"") | BJ23: =IF(AO21="épaules",AQ21*AR21*AT21,"") | BK23: =IF(AO21="biceps",AQ21,"") | BL23: =IF(AO21="biceps",AQ21*AR21*AT21,"") | BM23: =IF(AO21="triceps",AQ21,"") | BN23: =IF(AO21="triceps",AQ21*AR21*AT21,"") | BO23: =IF(AO21="quads",AQ21,"") | BP23: =IF(AO21="quads",AQ21*AR21*AT21,"") | BQ23: =IF(AO21="ischios",AQ21,"") | BR23: =IF(AO21="ischios",AQ21*AR21*AT21,"") | BS23: =IF(AO21="fessier",AQ21,"") | BT23: =IF(AO21="fessier",AQ21*AR21*AT21,"") | BU23: =IF(AO21="mollets",AQ21,"") | BV23: =IF(AO21="mollets",AQ21*AR21*AT21,"") | BX23: =BX14 -> Renfo | BY23: =BY14 | BZ23: =BZ14 -> chest press | CA23: =CA14 -> 3 | CB23: =CB14 -> 12 | CC23: =CC14 | CD23: =IF(BX23="Squat",IF(CC23>10,MROUND((CC23/100*SQMAX),2.5)," "),IF(BX23="Bench",IF(CC23>10,MROUND((CC23/100*BNMAX),2.5)," "),IF(BX23="Deadlift",IF(CC23>10,MROUND((CC23/100*DLMAX),2.5)," ")," "))) | CF23: =IFERROR((CD23/VLOOKUP(CE23,'RPE vs. %'!$D$3:$P$11,CB23+1,FALSE)),"") | CI23: =IF(BX21="Squat",CA21,"") | CJ23: =IF(BX21="Squat",CA21*CB21*CD21,"") | CK23: =IF(BX21="Bench",CA21,"") -> 4 | CL23: =IF(BX21="Bench",CA21*CB21*CD21,"") -> 1020 | CM23: =IF(BX21="Deadlift",CA21,"") | CN23: =IF(BX21="Deadlift",CA21*CB21*CD21,"") | CO23: =IF(BY21="pecs",CA21,"") | CP23: =IF(BY21="pecs",CA21*CB21*CD21,"") | CQ23: =IF(BY21="dos",CA21,"") | CR23: =IF(BY21="dos",CA21*CB21*CD21,"") | CS23: =IF(BY21="épaules",CA21,"") | CT23: =IF(BY21="épaules",CA21*CB21*CD21,"") | CU23: =IF(BY21="biceps",CA21,"") | CV23: =IF(BY21="biceps",CA21*CB21*CD21,"") | CW23: =IF(BY21="triceps",CA21,"") | CX23: =IF(BY21="triceps",CA21*CB21*CD21,"") | CY23: =IF(BY21="quads",CA21,"") | CZ23: =IF(BY21="quads",CA21*CB21*CD21,"") | DA23: =IF(BY21="ischios",CA21,"") | DB23: =IF(BY21="ischios",CA21*CB21*CD21,"") | DC23: =IF(BY21="fessier",CA21,"") | DD23: =IF(BY21="fessier",CA21*CB21*CD21,"") | DE23: =IF(BY21="mollets",CA21,"") | DF23: =IF(BY21="mollets",CA21*CB21*CD21,"") | DH23: Renfo | DI23: =DI14 | DJ23: =DJ14 -> Back extension | DK23: =DK14 -> 5 | DL23: =DL14 -> 12 | DM23: =DM14 | DN23: =IF(DH23="Squat",IF(DM23>10,MROUND((DM23/100*SQMAX),2.5)," "),IF(DH23="Bench",IF(DM23>10,MROUND((DM23/100*BNMAX),2.5)," "),IF(DH23="Deadlift",IF(DM23>10,MROUND((DM23/100*DLMAX),2.5)," ")," "))) | DP23: =IFERROR((DN23/VLOOKUP(DO23,'RPE vs. %'!$D$3:$P$11,DL23+1,FALSE)),"") | DT23: =IF(DH21="Squat",DK21,"") | DU23: =IF(DH21="Squat",DK21*DL21*DN21,"") | DV23: =IF(DH21="Bench",DK21,"") -> 3 | DW23: =IF(DH21="Bench",DK21*DL21*DN21,"") -> 1080 | DX23: =IF(DH21="Deadlift",DK21,"") | DY23: =IF(DH21="Deadlift",DK21*DL21*DN21,"") | DZ23: =IF(DI21="pecs",DK21,"") | EA23: =IF(DI21="pecs",DK21*DL21*DN21,"") | EB23: =IF(DI21="dos",DK21,"") | EC23: =IF(DI21="dos",DK21*DL21*DN21,"") | ED23: =IF(DI21="épaules",DK21,"") | EE23: =IF(DI21="épaules",DK21*DL21*DN21,"") | EF23: =IF(DI21="biceps",DK21,"") | EG23: =IF(DI21="biceps",DK21*DL21*DN21,"") | EH23: =IF(DI21="triceps",DK21,"") | EI23: =IF(DI21="triceps",DK21*DL21*DN21,"") | EJ23: =IF(DI21="quads",DK21,"") | EK23: =IF(DI21="quads",DK21*DL21*DN21,"") | EL23: =IF(DI21="ischios",DK21,"") | EM23: =IF(DI21="ischios",DK21*DL21*DN21,"") | EN23: =IF(DI21="fessier",DK21,"") | EO23: =IF(DI21="fessier",DK21*DL21*DN21,"") | EP23: =IF(DI21="mollets",DK21,"") | EQ23: =IF(DI21="mollets",DK21*DL21*DN21,"") | ER23: =IF(#REF!="Squat",#REF!,"") -> #REF! | ES23: =IF(#REF!="Squat",#REF!*#REF!*#REF!,"") -> #REF! | ET23: =IF(#REF!="Bench",#REF!,"") -> #REF! | EU23: =IF(#REF!="Bench",#REF!*#REF!*#REF!,"") -> #REF! | EV23: =IF(#REF!="Deadlift",#REF!,"") -> #REF! | EW23: =IF(#REF!="Deadlift",#REF!*#REF!*#REF!,"") -> #REF! | EX23: =IF(#REF!="pecs",#REF!,"") -> #REF! | EY23: =IF(#REF!="pecs",#REF!*#REF!*#REF!,"") -> #REF! | EZ23: =IF(#REF!="dos",#REF!,"") -> #REF! | FA23: =IF(#REF!="dos",#REF!*#REF!*#REF!,"") -> #REF! | FB23: =IF(#REF!="épaules",#REF!,"") -> #REF! | FC23: =IF(#REF!="épaules",#REF!*#REF!*#REF!,"") -> #REF! | FD23: =IF(#REF!="biceps",#REF!,"") -> #REF! | FE23: =IF(#REF!="biceps",#REF!*#REF!*#REF!,"") -> #REF! | FF23: =IF(#REF!="triceps",#REF!,"") -> #REF! | FG23: =IF(#REF!="triceps",#REF!*#REF!*#REF!,"") -> #REF! | FH23: =IF(#REF!="quads",#REF!,"") -> #REF! | FI23: =IF(#REF!="quads",#REF!*#REF!*#REF!,"") -> #REF! | FJ23: =IF(#REF!="ischios",#REF!,"") -> #REF! | FK23: =IF(#REF!="ischios",#REF!*#REF!*#REF!,"") -> #REF! | FL23: =IF(#REF!="fessier",#REF!,"") -> #REF! | FM23: =IF(#REF!="fessier",#REF!*#REF!*#REF!,"") -> #REF! | FN23: =IF(#REF!="mollets",#REF!,"") -> #REF! | FO23: =IF(#REF!="mollets",#REF!*#REF!*#REF!,"") -> #REF!
D24: =D15 -> Renfo | E24: =E15 | F24: =F15 -> développer militaire | G24: =G15 -> 2 | H24: =H15 -> 8 | I24: =I15 | J24: =IF(D24="Squat",IF(I24>10,MROUND((I24/100*SQMAX),2.5)," "),IF(D24="Bench",IF(I24>10,MROUND((I24/100*BNMAX),2.5)," "),IF(D24="Deadlift",IF(I24>10,MROUND((I24/100*DLMAX),2.5)," ")," "))) | L24: =IFERROR((J24/VLOOKUP(K24,'RPE vs. %'!$D$3:$P$11,H24+1,FALSE)),"") | O24: =IF(D22="Squat",G22,"") | P24: =IF(D22="Squat",G22*H22*J22,"") | Q24: =IF(D22="Bench",G22,"") -> 3 | R24: =IF(D22="Bench",G22*H22*J22,"") -> 2460 | S24: =IF(D22="Deadlift",G22,"") | T24: =IF(D22="Deadlift",G22*H22*J22,"") | U24: =IF(E22="pecs",G22,"") | V24: =IF(E22="pecs",G22*H22*J22,"") | W24: =IF(E22="dos",G22,"") | X24: =IF(E22="dos",G22*H22*J22,"") | Y24: =IF(E22="épaules",G22,"") | Z24: =IF(E22="épaules",G22*H22*J22,"") | AA24: =IF(E22="biceps",G22,"") | AB24: =IF(E22="biceps",G22*H22*J22,"") | AC24: =IF(E22="triceps",G22,"") | AD24: =IF(E22="triceps",G22*H22*J22,"") | AE24: =IF(E22="quads",G22,"") | AF24: =IF(E22="quads",G22*H22*J22,"") | AG24: =IF(E22="ischios",G22,"") | AH24: =IF(E22="ischios",G22*H22*J22,"") | AI24: =IF(E22="fessier",G22,"") | AJ24: =IF(E22="fessier",G22*H22*J22,"") | AK24: =IF(E22="mollets",G22,"") | AL24: =IF(E22="mollets",G22*H22*J22,"") | AN24: =AN15 -> Renfo | AO24: =AO15 | AP24: =AP15 -> Back extension | AQ24: =AQ15 -> 5 | AR24: =AR15 -> 12 | AS24: =AS15 | AT24: =IF(AN24="Squat",IF(AS24>10,MROUND((AS24/100*SQMAX),2.5)," "),IF(AN24="Bench",IF(AS24>10,MROUND((AS24/100*BNMAX),2.5)," "),IF(AN24="Deadlift",IF(AS24>10,MROUND((AS24/100*DLMAX),2.5)," ")," "))) | AV24: =IFERROR((AT24/VLOOKUP(AU24,'RPE vs. %'!$D$3:$P$11,AR24+1,FALSE)),"") | AY24: =IF(AN22="Squat",AQ22,"") | AZ24: =IF(AN22="Squat",AQ22*AR22*AT22,"") | BA24: =IF(AN22="Bench",AQ22,"") -> 3 | BB24: =IF(AN22="Bench",AQ22*AR22*AT22,"") -> 1425 | BC24: =IF(AN22="Deadlift",AQ22,"") | BD24: =IF(AN22="Deadlift",AQ22*AR22*AT22,"") | BE24: =IF(AO22="pecs",AQ22,"") | BF24: =IF(AO22="pecs",AQ22*AR22*AT22,"") | BG24: =IF(AO22="dos",AQ22,"") | BH24: =IF(AO22="dos",AQ22*AR22*AT22,"") | BI24: =IF(AO22="épaules",AQ22,"") | BJ24: =IF(AO22="épaules",AQ22*AR22*AT22,"") | BK24: =IF(AO22="biceps",AQ22,"") | BL24: =IF(AO22="biceps",AQ22*AR22*AT22,"") | BM24: =IF(AO22="triceps",AQ22,"") | BN24: =IF(AO22="triceps",AQ22*AR22*AT22,"") | BO24: =IF(AO22="quads",AQ22,"") | BP24: =IF(AO22="quads",AQ22*AR22*AT22,"") | BQ24: =IF(AO22="ischios",AQ22,"") | BR24: =IF(AO22="ischios",AQ22*AR22*AT22,"") | BS24: =IF(AO22="fessier",AQ22,"") | BT24: =IF(AO22="fessier",AQ22*AR22*AT22,"") | BU24: =IF(AO22="mollets",AQ22,"") | BV24: =IF(AO22="mollets",AQ22*AR22*AT22,"") | BX24: =BX15 -> Renfo | BY24: =BY15 | BZ24: =BZ15 -> Incliné haltère | CA24: =CA15 -> 3 | CB24: =CB15 -> 8 | CC24: =CC15 | CD24: =IF(BX24="Squat",IF(CC24>10,MROUND((CC24/100*SQMAX),2.5)," "),IF(BX24="Bench",IF(CC24>10,MROUND((CC24/100*BNMAX),2.5)," "),IF(BX24="Deadlift",IF(CC24>10,MROUND((CC24/100*DLMAX),2.5)," ")," "))) | CF24: =IFERROR((CD24/VLOOKUP(CE24,'RPE vs. %'!$D$3:$P$11,CB24+1,FALSE)),"") | CI24: =IF(BX22="Squat",CA22,"") | CJ24: =IF(BX22="Squat",CA22*CB22*CD22,"") | CK24: =IF(BX22="Bench",CA22,"") -> 2 | CL24: =IF(BX22="Bench",CA22*CB22*CD22,"") -> 660 | CM24: =IF(BX22="Deadlift",CA22,"") | CN24: =IF(BX22="Deadlift",CA22*CB22*CD22,"") | CO24: =IF(BY22="pecs",CA22,"") | CP24: =IF(BY22="pecs",CA22*CB22*CD22,"") | CQ24: =IF(BY22="dos",CA22,"") | CR24: =IF(BY22="dos",CA22*CB22*CD22,"") | CS24: =IF(BY22="épaules",CA22,"") | CT24: =IF(BY22="épaules",CA22*CB22*CD22,"") | CU24: =IF(BY22="biceps",CA22,"") | CV24: =IF(BY22="biceps",CA22*CB22*CD22,"") | CW24: =IF(BY22="triceps",CA22,"") | CX24: =IF(BY22="triceps",CA22*CB22*CD22,"") | CY24: =IF(BY22="quads",CA22,"") | CZ24: =IF(BY22="quads",CA22*CB22*CD22,"") | DA24: =IF(BY22="ischios",CA22,"") | DB24: =IF(BY22="ischios",CA22*CB22*CD22,"") | DC24: =IF(BY22="fessier",CA22,"") | DD24: =IF(BY22="fessier",CA22*CB22*CD22,"") | DE24: =IF(BY22="mollets",CA22,"") | DF24: =IF(BY22="mollets",CA22*CB22*CD22,"") | DH24: =DH15 -> Renfo | DI24: =DI15 | DJ24: =DJ15 -> Back extension (coté) | DK24: =DK15 -> 3 | DL24: =DL15 -> 12 | DM24: =DM15 | DN24: =IF(DH24="Squat",IF(DM24>10,MROUND((DM24/100*SQMAX),2.5)," "),IF(DH24="Bench",IF(DM24>10,MROUND((DM24/100*BNMAX),2.5)," "),IF(DH24="Deadlift",IF(DM24>10,MROUND((DM24/100*DLMAX),2.5)," ")," "))) | DP24: =IFERROR((DN24/VLOOKUP(DO24,'RPE vs. %'!$D$3:$P$11,DL24+1,FALSE)),"") | DT24: =IF(DH22="Squat",DK22,"") | DU24: =IF(DH22="Squat",DK22*DL22*DN22,"") | DV24: =IF(DH22="Bench",DK22,"") | DW24: =IF(DH22="Bench",DK22*DL22*DN22,"") | DX24: =IF(DH22="Deadlift",DK22,"") -> 3 | DY24: =IF(DH22="Deadlift",DK22*DL22*DN22,"") -> 1912.5 | DZ24: =IF(DI22="pecs",DK22,"") | EA24: =IF(DI22="pecs",DK22*DL22*DN22,"") | EB24: =IF(DI22="dos",DK22,"") | EC24: =IF(DI22="dos",DK22*DL22*DN22,"") | ED24: =IF(DI22="épaules",DK22,"") | EE24: =IF(DI22="épaules",DK22*DL22*DN22,"") | EF24: =IF(DI22="biceps",DK22,"") | EG24: =IF(DI22="biceps",DK22*DL22*DN22,"") | EH24: =IF(DI22="triceps",DK22,"") | EI24: =IF(DI22="triceps",DK22*DL22*DN22,"") | EJ24: =IF(DI22="quads",DK22,"") | EK24: =IF(DI22="quads",DK22*DL22*DN22,"") | EL24: =IF(DI22="ischios",DK22,"") | EM24: =IF(DI22="ischios",DK22*DL22*DN22,"") | EN24: =IF(DI22="fessier",DK22,"") | EO24: =IF(DI22="fessier",DK22*DL22*DN22,"") | EP24: =IF(DI22="mollets",DK22,"") | EQ24: =IF(DI22="mollets",DK22*DL22*DN22,"") | ER24: =IF(#REF!="Squat",#REF!,"") -> #REF! | ES24: =IF(#REF!="Squat",#REF!*#REF!*#REF!,"") -> #REF! | ET24: =IF(#REF!="Bench",#REF!,"") -> #REF! | EU24: =IF(#REF!="Bench",#REF!*#REF!*#REF!,"") -> #REF! | EV24: =IF(#REF!="Deadlift",#REF!,"") -> #REF! | EW24: =IF(#REF!="Deadlift",#REF!*#REF!*#REF!,"") -> #REF! | EX24: =IF(#REF!="pecs",#REF!,"") -> #REF! | EY24: =IF(#REF!="pecs",#REF!*#REF!*#REF!,"") -> #REF! | EZ24: =IF(#REF!="dos",#REF!,"") -> #REF! | FA24: =IF(#REF!="dos",#REF!*#REF!*#REF!,"") -> #REF! | FB24: =IF(#REF!="épaules",#REF!,"") -> #REF! | FC24: =IF(#REF!="épaules",#REF!*#REF!*#REF!,"") -> #REF! | FD24: =IF(#REF!="biceps",#REF!,"") -> #REF! | FE24: =IF(#REF!="biceps",#REF!*#REF!*#REF!,"") -> #REF! | FF24: =IF(#REF!="triceps",#REF!,"") -> #REF! | FG24: =IF(#REF!="triceps",#REF!*#REF!*#REF!,"") -> #REF! | FH24: =IF(#REF!="quads",#REF!,"") -> #REF! | FI24: =IF(#REF!="quads",#REF!*#REF!*#REF!,"") -> #REF! | FJ24: =IF(#REF!="ischios",#REF!,"") -> #REF! | FK24: =IF(#REF!="ischios",#REF!*#REF!*#REF!,"") -> #REF! | FL24: =IF(#REF!="fessier",#REF!,"") -> #REF! | FM24: =IF(#REF!="fessier",#REF!*#REF!*#REF!,"") -> #REF! | FN24: =IF(#REF!="mollets",#REF!,"") -> #REF! | FO24: =IF(#REF!="mollets",#REF!*#REF!*#REF!,"") -> #REF!
D25: =D16 -> Renfo | E25: =E16 | F25: =F16 -> élévation lateral | G25: =G16 -> 3 | H25: =H16 -> 12 | I25: =I16 | J25: =IF(D25="Squat",IF(I25>10,MROUND((I25/100*SQMAX),2.5)," "),IF(D25="Bench",IF(I25>10,MROUND((I25/100*BNMAX),2.5)," "),IF(D25="Deadlift",IF(I25>10,MROUND((I25/100*DLMAX),2.5)," ")," "))) | L25: =IFERROR((J25/VLOOKUP(K25,'RPE vs. %'!$D$3:$P$11,H25+1,FALSE)),"") | O25: =IF(D23="Squat",G23,"") | P25: =IF(D23="Squat",G23*H23*J23,"") | Q25: =IF(D23="Bench",G23,"") | R25: =IF(D23="Bench",G23*H23*J23,"") | S25: =IF(D23="Deadlift",G23,"") | T25: =IF(D23="Deadlift",G23*H23*J23,"") | U25: =IF(E23="pecs",G23,"") | V25: =IF(E23="pecs",G23*H23*J23,"") | W25: =IF(E23="dos",G23,"") | X25: =IF(E23="dos",G23*H23*J23,"") | Y25: =IF(E23="épaules",G23,"") | Z25: =IF(E23="épaules",G23*H23*J23,"") | AA25: =IF(E23="biceps",G23,"") | AB25: =IF(E23="biceps",G23*H23*J23,"") | AC25: =IF(E23="triceps",G23,"") | AD25: =IF(E23="triceps",G23*H23*J23,"") | AE25: =IF(E23="quads",G23,"") | AF25: =IF(E23="quads",G23*H23*J23,"") | AG25: =IF(E23="ischios",G23,"") | AH25: =IF(E23="ischios",G23*H23*J23,"") | AI25: =IF(E23="fessier",G23,"") | AJ25: =IF(E23="fessier",G23*H23*J23,"") | AK25: =IF(E23="mollets",G23,"") | AL25: =IF(E23="mollets",G23*H23*J23,"") | AN25: =AN16 -> Renfo | AO25: =AO16 | AP25: =AP16 -> Traction | AQ25: =AQ16 -> 3 | AR25: =AR16 -> 12 | AS25: =AS16 | AT25: =IF(AN25="Squat",IF(AS25>10,MROUND((AS25/100*SQMAX),2.5)," "),IF(AN25="Bench",IF(AS25>10,MROUND((AS25/100*BNMAX),2.5)," "),IF(AN25="Deadlift",IF(AS25>10,MROUND((AS25/100*DLMAX),2.5)," ")," "))) | AV25: =IFERROR((AT25/VLOOKUP(AU25,'RPE vs. %'!$D$3:$P$11,AR25+1,FALSE)),"") | AY25: =IF(AN23="Squat",AQ23,"") | AZ25: =IF(AN23="Squat",AQ23*AR23*AT23,"") | BA25: =IF(AN23="Bench",AQ23,"") | BB25: =IF(AN23="Bench",AQ23*AR23*AT23,"") | BC25: =IF(AN23="Deadlift",AQ23,"") | BD25: =IF(AN23="Deadlift",AQ23*AR23*AT23,"") | BE25: =IF(AO23="pecs",AQ23,"") | BF25: =IF(AO23="pecs",AQ23*AR23*AT23,"") | BG25: =IF(AO23="dos",AQ23,"") | BH25: =IF(AO23="dos",AQ23*AR23*AT23,"") | BI25: =IF(AO23="épaules",AQ23,"") | BJ25: =IF(AO23="épaules",AQ23*AR23*AT23,"") | BK25: =IF(AO23="biceps",AQ23,"") | BL25: =IF(AO23="biceps",AQ23*AR23*AT23,"") | BM25: =IF(AO23="triceps",AQ23,"") | BN25: =IF(AO23="triceps",AQ23*AR23*AT23,"") | BO25: =IF(AO23="quads",AQ23,"") | BP25: =IF(AO23="quads",AQ23*AR23*AT23,"") | BQ25: =IF(AO23="ischios",AQ23,"") | BR25: =IF(AO23="ischios",AQ23*AR23*AT23,"") | BS25: =IF(AO23="fessier",AQ23,"") | BT25: =IF(AO23="fessier",AQ23*AR23*AT23,"") | BU25: =IF(AO23="mollets",AQ23,"") | BV25: =IF(AO23="mollets",AQ23*AR23*AT23,"") | BX25: =BX16 -> Renfo | BY25: =BY16 | BZ25: =BZ16 -> Extension triceps | CA25: =CA16 -> 3 | CB25: =CB16 -> 15 | CC25: =CC16 | CD25: =IF(BX25="Squat",IF(CC25>10,MROUND((CC25/100*SQMAX),2.5)," "),IF(BX25="Bench",IF(CC25>10,MROUND((CC25/100*BNMAX),2.5)," "),IF(BX25="Deadlift",IF(CC25>10,MROUND((CC25/100*DLMAX),2.5)," ")," "))) | CF25: =IFERROR((CD25/VLOOKUP(CE25,'RPE vs. %'!$D$3:$P$11,CB25+1,FALSE)),"") | CI25: =IF(BX23="Squat",CA23,"") | CJ25: =IF(BX23="Squat",CA23*CB23*CD23,"") | CK25: =IF(BX23="Bench",CA23,"") | CL25: =IF(BX23="Bench",CA23*CB23*CD23,"") | CM25: =IF(BX23="Deadlift",CA23,"") | CN25: =IF(BX23="Deadlift",CA23*CB23*CD23,"") | CO25: =IF(BY23="pecs",CA23,"") | CP25: =IF(BY23="pecs",CA23*CB23*CD23,"") | CQ25: =IF(BY23="dos",CA23,"") | CR25: =IF(BY23="dos",CA23*CB23*CD23,"") | CS25: =IF(BY23="épaules",CA23,"") | CT25: =IF(BY23="épaules",CA23*CB23*CD23,"") | CU25: =IF(BY23="biceps",CA23,"") | CV25: =IF(BY23="biceps",CA23*CB23*CD23,"") | CW25: =IF(BY23="triceps",CA23,"") | CX25: =IF(BY23="triceps",CA23*CB23*CD23,"") | CY25: =IF(BY23="quads",CA23,"") | CZ25: =IF(BY23="quads",CA23*CB23*CD23,"") | DA25: =IF(BY23="ischios",CA23,"") | DB25: =IF(BY23="ischios",CA23*CB23*CD23,"") | DC25: =IF(BY23="fessier",CA23,"") | DD25: =IF(BY23="fessier",CA23*CB23*CD23,"") | DE25: =IF(BY23="mollets",CA23,"") | DF25: =IF(BY23="mollets",CA23*CB23*CD23,"") | DH25: =DH16 | DI25: =DI16 | DJ25: =DJ16 | DK25: =DK16 | DL25: =DL16 | DM25: =DM16 | DN25: =IF(DH25="Squat",IF(DM25>10,MROUND((DM25/100*SQMAX),2.5)," "),IF(DH25="Bench",IF(DM25>10,MROUND((DM25/100*BNMAX),2.5)," "),IF(DH25="Deadlift",IF(DM25>10,MROUND((DM25/100*DLMAX),2.5)," ")," "))) | DP25: =IFERROR((DN25/VLOOKUP(DO25,'RPE vs. %'!$D$3:$P$11,DL25+1,FALSE)),"") | DT25: =IF(DH23="Squat",DK23,"") | DU25: =IF(DH23="Squat",DK23*DL23*DN23,"") | DV25: =IF(DH23="Bench",DK23,"") | DW25: =IF(DH23="Bench",DK23*DL23*DN23,"") | DX25: =IF(DH23="Deadlift",DK23,"") | DY25: =IF(DH23="Deadlift",DK23*DL23*DN23,"") | DZ25: =IF(DI23="pecs",DK23,"") | EA25: =IF(DI23="pecs",DK23*DL23*DN23,"") | EB25: =IF(DI23="dos",DK23,"") | EC25: =IF(DI23="dos",DK23*DL23*DN23,"") | ED25: =IF(DI23="épaules",DK23,"") | EE25: =IF(DI23="épaules",DK23*DL23*DN23,"") | EF25: =IF(DI23="biceps",DK23,"") | EG25: =IF(DI23="biceps",DK23*DL23*DN23,"") | EH25: =IF(DI23="triceps",DK23,"") | EI25: =IF(DI23="triceps",DK23*DL23*DN23,"") | EJ25: =IF(DI23="quads",DK23,"") | EK25: =IF(DI23="quads",DK23*DL23*DN23,"") | EL25: =IF(DI23="ischios",DK23,"") | EM25: =IF(DI23="ischios",DK23*DL23*DN23,"") | EN25: =IF(DI23="fessier",DK23,"") | EO25: =IF(DI23="fessier",DK23*DL23*DN23,"") | EP25: =IF(DI23="mollets",DK23,"") | EQ25: =IF(DI23="mollets",DK23*DL23*DN23,"") | ER25: =IF(#REF!="Squat",#REF!,"") -> #REF! | ES25: =IF(#REF!="Squat",#REF!*#REF!*#REF!,"") -> #REF! | ET25: =IF(#REF!="Bench",#REF!,"") -> #REF! | EU25: =IF(#REF!="Bench",#REF!*#REF!*#REF!,"") -> #REF! | EV25: =IF(#REF!="Deadlift",#REF!,"") -> #REF! | EW25: =IF(#REF!="Deadlift",#REF!*#REF!*#REF!,"") -> #REF! | EX25: =IF(#REF!="pecs",#REF!,"") -> #REF! | EY25: =IF(#REF!="pecs",#REF!*#REF!*#REF!,"") -> #REF! | EZ25: =IF(#REF!="dos",#REF!,"") -> #REF! | FA25: =IF(#REF!="dos",#REF!*#REF!*#REF!,"") -> #REF! | FB25: =IF(#REF!="épaules",#REF!,"") -> #REF! | FC25: =IF(#REF!="épaules",#REF!*#REF!*#REF!,"") -> #REF! | FD25: =IF(#REF!="biceps",#REF!,"") -> #REF! | FE25: =IF(#REF!="biceps",#REF!*#REF!*#REF!,"") -> #REF! | FF25: =IF(#REF!="triceps",#REF!,"") -> #REF! | FG25: =IF(#REF!="triceps",#REF!*#REF!*#REF!,"") -> #REF! | FH25: =IF(#REF!="quads",#REF!,"") -> #REF! | FI25: =IF(#REF!="quads",#REF!*#REF!*#REF!,"") -> #REF! | FJ25: =IF(#REF!="ischios",#REF!,"") -> #REF! | FK25: =IF(#REF!="ischios",#REF!*#REF!*#REF!,"") -> #REF! | FL25: =IF(#REF!="fessier",#REF!,"") -> #REF! | FM25: =IF(#REF!="fessier",#REF!*#REF!*#REF!,"") -> #REF! | FN25: =IF(#REF!="mollets",#REF!,"") -> #REF! | FO25: =IF(#REF!="mollets",#REF!*#REF!*#REF!,"") -> #REF!
D26: =D17 | E26: =E17 | F26: =F17 | G26: =G17 | H26: =H17 | I26: =I17 | J26: =IF(D26="Squat",IF(I26>10,MROUND((I26/100*SQMAX),2.5)," "),IF(D26="Bench",IF(I26>10,MROUND((I26/100*BNMAX),2.5)," "),IF(D26="Deadlift",IF(I26>10,MROUND((I26/100*DLMAX),2.5)," ")," "))) | L26: =IFERROR((J26/VLOOKUP(K26,'RPE vs. %'!$D$3:$P$11,H26+1,FALSE)),"") | O26: =IF(D24="Squat",G24,"") | P26: =IF(D24="Squat",G24*H24*J24,"") | Q26: =IF(D24="Bench",G24,"") | R26: =IF(D24="Bench",G24*H24*J24,"") | S26: =IF(D24="Deadlift",G24,"") | T26: =IF(D24="Deadlift",G24*H24*J24,"") | U26: =IF(E24="pecs",G24,"") | V26: =IF(E24="pecs",G24*H24*J24,"") | W26: =IF(E24="dos",G24,"") | X26: =IF(E24="dos",G24*H24*J24,"") | Y26: =IF(E24="épaules",G24,"") | Z26: =IF(E24="épaules",G24*H24*J24,"") | AA26: =IF(E24="biceps",G24,"") | AB26: =IF(E24="biceps",G24*H24*J24,"") | AC26: =IF(E24="triceps",G24,"") | AD26: =IF(E24="triceps",G24*H24*J24,"") | AE26: =IF(E24="quads",G24,"") | AF26: =IF(E24="quads",G24*H24*J24,"") | AG26: =IF(E24="ischios",G24,"") | AH26: =IF(E24="ischios",G24*H24*J24,"") | AI26: =IF(E24="fessier",G24,"") | AJ26: =IF(E24="fessier",G24*H24*J24,"") | AK26: =IF(E24="mollets",G24,"") | AL26: =IF(E24="mollets",G24*H24*J24,"") | AN26: =AN17 | AO26: =AO17 | AP26: =AP17 | AQ26: =AQ17 | AR26: =AR17 | AS26: =AS17 | AT26: =IF(AN26="Squat",IF(AS26>10,MROUND((AS26/100*SQMAX),2.5)," "),IF(AN26="Bench",IF(AS26>10,MROUND((AS26/100*BNMAX),2.5)," "),IF(AN26="Deadlift",IF(AS26>10,MROUND((AS26/100*DLMAX),2.5)," ")," "))) | AV26: =IFERROR((AT26/VLOOKUP(AU26,'RPE vs. %'!$D$3:$P$11,AR26+1,FALSE)),"") | AY26: =IF(AN24="Squat",AQ24,"") | AZ26: =IF(AN24="Squat",AQ24*AR24*AT24,"") | BA26: =IF(AN24="Bench",AQ24,"") | BB26: =IF(AN24="Bench",AQ24*AR24*AT24,"") | BC26: =IF(AN24="Deadlift",AQ24,"") | BD26: =IF(AN24="Deadlift",AQ24*AR24*AT24,"") | BE26: =IF(AO24="pecs",AQ24,"") | BF26: =IF(AO24="pecs",AQ24*AR24*AT24,"") | BG26: =IF(AO24="dos",AQ24,"") | BH26: =IF(AO24="dos",AQ24*AR24*AT24,"") | BI26: =IF(AO24="épaules",AQ24,"") | BJ26: =IF(AO24="épaules",AQ24*AR24*AT24,"") | BK26: =IF(AO24="biceps",AQ24,"") | BL26: =IF(AO24="biceps",AQ24*AR24*AT24,"") | BM26: =IF(AO24="triceps",AQ24,"") | BN26: =IF(AO24="triceps",AQ24*AR24*AT24,"") | BO26: =IF(AO24="quads",AQ24,"") | BP26: =IF(AO24="quads",AQ24*AR24*AT24,"") | BQ26: =IF(AO24="ischios",AQ24,"") | BR26: =IF(AO24="ischios",AQ24*AR24*AT24,"") | BS26: =IF(AO24="fessier",AQ24,"") | BT26: =IF(AO24="fessier",AQ24*AR24*AT24,"") | BU26: =IF(AO24="mollets",AQ24,"") | BV26: =IF(AO24="mollets",AQ24*AR24*AT24,"") | BX26: =BX17 | BY26: =BY17 | BZ26: =BZ17 | CA26: =CA17 | CB26: =CB17 | CC26: =CC17 | CD26: =IF(BX26="Squat",IF(CC26>10,MROUND((CC26/100*SQMAX),2.5)," "),IF(BX26="Bench",IF(CC26>10,MROUND((CC26/100*BNMAX),2.5)," "),IF(BX26="Deadlift",IF(CC26>10,MROUND((CC26/100*DLMAX),2.5)," ")," "))) | CF26: =IFERROR((CD26/VLOOKUP(CE26,'RPE vs. %'!$D$3:$P$11,CB26+1,FALSE)),"") | CI26: =IF(BX24="Squat",CA24,"") | CJ26: =IF(BX24="Squat",CA24*CB24*CD24,"") | CK26: =IF(BX24="Bench",CA24,"") | CL26: =IF(BX24="Bench",CA24*CB24*CD24,"") | CM26: =IF(BX24="Deadlift",CA24,"") | CN26: =IF(BX24="Deadlift",CA24*CB24*CD24,"") | CO26: =IF(BY24="pecs",CA24,"") | CP26: =IF(BY24="pecs",CA24*CB24*CD24,"") | CQ26: =IF(BY24="dos",CA24,"") | CR26: =IF(BY24="dos",CA24*CB24*CD24,"") | CS26: =IF(BY24="épaules",CA24,"") | CT26: =IF(BY24="épaules",CA24*CB24*CD24,"") | CU26: =IF(BY24="biceps",CA24,"") | CV26: =IF(BY24="biceps",CA24*CB24*CD24,"") | CW26: =IF(BY24="triceps",CA24,"") | CX26: =IF(BY24="triceps",CA24*CB24*CD24,"") | CY26: =IF(BY24="quads",CA24,"") | CZ26: =IF(BY24="quads",CA24*CB24*CD24,"") | DA26: =IF(BY24="ischios",CA24,"") | DB26: =IF(BY24="ischios",CA24*CB24*CD24,"") | DC26: =IF(BY24="fessier",CA24,"") | DD26: =IF(BY24="fessier",CA24*CB24*CD24,"") | DE26: =IF(BY24="mollets",CA24,"") | DF26: =IF(BY24="mollets",CA24*CB24*CD24,"") | DH26: =DH17 | DI26: =DI17 | DJ26: =DJ17 | DK26: =DK17 | DL26: =DL17 | DM26: =DM17 | DN26: =IF(DH26="Squat",IF(DM26>10,MROUND((DM26/100*SQMAX),2.5)," "),IF(DH26="Bench",IF(DM26>10,MROUND((DM26/100*BNMAX),2.5)," "),IF(DH26="Deadlift",IF(DM26>10,MROUND((DM26/100*DLMAX),2.5)," ")," "))) | DP26: =IFERROR((DN26/VLOOKUP(DO26,'RPE vs. %'!$D$3:$P$11,DL26+1,FALSE)),"") | DT26: =IF(DH24="Squat",DK24,"") | DU26: =IF(DH24="Squat",DK24*DL24*DN24,"") | DV26: =IF(DH24="Bench",DK24,"") | DW26: =IF(DH24="Bench",DK24*DL24*DN24,"") | DX26: =IF(DH24="Deadlift",DK24,"") | DY26: =IF(DH24="Deadlift",DK24*DL24*DN24,"") | DZ26: =IF(DI24="pecs",DK24,"") | EA26: =IF(DI24="pecs",DK24*DL24*DN24,"") | EB26: =IF(DI24="dos",DK24,"") | EC26: =IF(DI24="dos",DK24*DL24*DN24,"") | ED26: =IF(DI24="épaules",DK24,"") | EE26: =IF(DI24="épaules",DK24*DL24*DN24,"") | EF26: =IF(DI24="biceps",DK24,"") | EG26: =IF(DI24="biceps",DK24*DL24*DN24,"") | EH26: =IF(DI24="triceps",DK24,"") | EI26: =IF(DI24="triceps",DK24*DL24*DN24,"") | EJ26: =IF(DI24="quads",DK24,"") | EK26: =IF(DI24="quads",DK24*DL24*DN24,"") | EL26: =IF(DI24="ischios",DK24,"") | EM26: =IF(DI24="ischios",DK24*DL24*DN24,"") | EN26: =IF(DI24="fessier",DK24,"") | EO26: =IF(DI24="fessier",DK24*DL24*DN24,"") | EP26: =IF(DI24="mollets",DK24,"") | EQ26: =IF(DI24="mollets",DK24*DL24*DN24,"") | ER26: =IF(#REF!="Squat",#REF!,"") -> #REF! | ES26: =IF(#REF!="Squat",#REF!*#REF!*#REF!,"") -> #REF! | ET26: =IF(#REF!="Bench",#REF!,"") -> #REF! | EU26: =IF(#REF!="Bench",#REF!*#REF!*#REF!,"") -> #REF! | EV26: =IF(#REF!="Deadlift",#REF!,"") -> #REF! | EW26: =IF(#REF!="Deadlift",#REF!*#REF!*#REF!,"") -> #REF! | EX26: =IF(#REF!="pecs",#REF!,"") -> #REF! | EY26: =IF(#REF!="pecs",#REF!*#REF!*#REF!,"") -> #REF! | EZ26: =IF(#REF!="dos",#REF!,"") -> #REF! | FA26: =IF(#REF!="dos",#REF!*#REF!*#REF!,"") -> #REF! | FB26: =IF(#REF!="épaules",#REF!,"") -> #REF! | FC26: =IF(#REF!="épaules",#REF!*#REF!*#REF!,"") -> #REF! | FD26: =IF(#REF!="biceps",#REF!,"") -> #REF! | FE26: =IF(#REF!="biceps",#REF!*#REF!*#REF!,"") -> #REF! | FF26: =IF(#REF!="triceps",#REF!,"") -> #REF! | FG26: =IF(#REF!="triceps",#REF!*#REF!*#REF!,"") -> #REF! | FH26: =IF(#REF!="quads",#REF!,"") -> #REF! | FI26: =IF(#REF!="quads",#REF!*#REF!*#REF!,"") -> #REF! | FJ26: =IF(#REF!="ischios",#REF!,"") -> #REF! | FK26: =IF(#REF!="ischios",#REF!*#REF!*#REF!,"") -> #REF! | FL26: =IF(#REF!="fessier",#REF!,"") -> #REF! | FM26: =IF(#REF!="fessier",#REF!*#REF!*#REF!,"") -> #REF! | FN26: =IF(#REF!="mollets",#REF!,"") -> #REF! | FO26: =IF(#REF!="mollets",#REF!*#REF!*#REF!,"") -> #REF!
O27: =IF(D25="Squat",G25,"") | P27: =IF(D25="Squat",G25*H25*J25,"") | Q27: =IF(D25="Bench",G25,"") | R27: =IF(D25="Bench",G25*H25*J25,"") | S27: =IF(D25="Deadlift",G25,"") | T27: =IF(D25="Deadlift",G25*H25*J25,"") | U27: =IF(E25="pecs",G25,"") | V27: =IF(E25="pecs",G25*H25*J25,"") | W27: =IF(E25="dos",G25,"") | X27: =IF(E25="dos",G25*H25*J25,"") | Y27: =IF(E25="épaules",G25,"") | Z27: =IF(E25="épaules",G25*H25*J25,"") | AA27: =IF(E25="biceps",G25,"") | AB27: =IF(E25="biceps",G25*H25*J25,"") | AC27: =IF(E25="triceps",G25,"") | AD27: =IF(E25="triceps",G25*H25*J25,"") | AE27: =IF(E25="quads",G25,"") | AF27: =IF(E25="quads",G25*H25*J25,"") | AG27: =IF(E25="ischios",G25,"") | AH27: =IF(E25="ischios",G25*H25*J25,"") | AI27: =IF(E25="fessier",G25,"") | AJ27: =IF(E25="fessier",G25*H25*J25,"") | AK27: =IF(E25="mollets",G25,"") | AL27: =IF(E25="mollets",G25*H25*J25,"") | AY27: =IF(AN25="Squat",AQ25,"") | AZ27: =IF(AN25="Squat",AQ25*AR25*AT25,"") | BA27: =IF(AN25="Bench",AQ25,"") | BB27: =IF(AN25="Bench",AQ25*AR25*AT25,"") | BC27: =IF(AN25="Deadlift",AQ25,"") | BD27: =IF(AN25="Deadlift",AQ25*AR25*AT25,"") | BE27: =IF(AO25="pecs",AQ25,"") | BF27: =IF(AO25="pecs",AQ25*AR25*AT25,"") | BG27: =IF(AO25="dos",AQ25,"") | BH27: =IF(AO25="dos",AQ25*AR25*AT25,"") | BI27: =IF(AO25="épaules",AQ25,"") | BJ27: =IF(AO25="épaules",AQ25*AR25*AT25,"") | BK27: =IF(AO25="biceps",AQ25,"") | BL27: =IF(AO25="biceps",AQ25*AR25*AT25,"") | BM27: =IF(AO25="triceps",AQ25,"") | BN27: =IF(AO25="triceps",AQ25*AR25*AT25,"") | BO27: =IF(AO25="quads",AQ25,"") | BP27: =IF(AO25="quads",AQ25*AR25*AT25,"") | BQ27: =IF(AO25="ischios",AQ25,"") | BR27: =IF(AO25="ischios",AQ25*AR25*AT25,"") | BS27: =IF(AO25="fessier",AQ25,"") | BT27: =IF(AO25="fessier",AQ25*AR25*AT25,"") | BU27: =IF(AO25="mollets",AQ25,"") | BV27: =IF(AO25="mollets",AQ25*AR25*AT25,"") | CI27: =IF(BX25="Squat",CA25,"") | CJ27: =IF(BX25="Squat",CA25*CB25*CD25,"") | CK27: =IF(BX25="Bench",CA25,"") | CL27: =IF(BX25="Bench",CA25*CB25*CD25,"") | CM27: =IF(BX25="Deadlift",CA25,"") | CN27: =IF(BX25="Deadlift",CA25*CB25*CD25,"") | CO27: =IF(BY25="pecs",CA25,"") | CP27: =IF(BY25="pecs",CA25*CB25*CD25,"") | CQ27: =IF(BY25="dos",CA25,"") | CR27: =IF(BY25="dos",CA25*CB25*CD25,"") | CS27: =IF(BY25="épaules",CA25,"") | CT27: =IF(BY25="épaules",CA25*CB25*CD25,"") | CU27: =IF(BY25="biceps",CA25,"") | CV27: =IF(BY25="biceps",CA25*CB25*CD25,"") | CW27: =IF(BY25="triceps",CA25,"") | CX27: =IF(BY25="triceps",CA25*CB25*CD25,"") | CY27: =IF(BY25="quads",CA25,"") | CZ27: =IF(BY25="quads",CA25*CB25*CD25,"") | DA27: =IF(BY25="ischios",CA25,"") | DB27: =IF(BY25="ischios",CA25*CB25*CD25,"") | DC27: =IF(BY25="fessier",CA25,"") | DD27: =IF(BY25="fessier",CA25*CB25*CD25,"") | DE27: =IF(BY25="mollets",CA25,"") | DF27: =IF(BY25="mollets",CA25*CB25*CD25,"") | DT27: =IF(DH25="Squat",DK25,"") | DU27: =IF(DH25="Squat",DK25*DL25*DN25,"") | DV27: =IF(DH25="Bench",DK25,"") | DW27: =IF(DH25="Bench",DK25*DL25*DN25,"") | DX27: =IF(DH25="Deadlift",DK25,"") | DY27: =IF(DH25="Deadlift",DK25*DL25*DN25,"") | DZ27: =IF(DI25="pecs",DK25,"") | EA27: =IF(DI25="pecs",DK25*DL25*DN25,"") | EB27: =IF(DI25="dos",DK25,"") | EC27: =IF(DI25="dos",DK25*DL25*DN25,"") | ED27: =IF(DI25="épaules",DK25,"") | EE27: =IF(DI25="épaules",DK25*DL25*DN25,"") | EF27: =IF(DI25="biceps",DK25,"") | EG27: =IF(DI25="biceps",DK25*DL25*DN25,"") | EH27: =IF(DI25="triceps",DK25,"") | EI27: =IF(DI25="triceps",DK25*DL25*DN25,"") | EJ27: =IF(DI25="quads",DK25,"") | EK27: =IF(DI25="quads",DK25*DL25*DN25,"") | EL27: =IF(DI25="ischios",DK25,"") | EM27: =IF(DI25="ischios",DK25*DL25*DN25,"") | EN27: =IF(DI25="fessier",DK25,"") | EO27: =IF(DI25="fessier",DK25*DL25*DN25,"") | EP27: =IF(DI25="mollets",DK25,"") | EQ27: =IF(DI25="mollets",DK25*DL25*DN25,"") | ER27: =IF(#REF!="Squat",#REF!,"") -> #REF! | ES27: =IF(#REF!="Squat",#REF!*#REF!*#REF!,"") -> #REF! | ET27: =IF(#REF!="Bench",#REF!,"") -> #REF! | EU27: =IF(#REF!="Bench",#REF!*#REF!*#REF!,"") -> #REF! | EV27: =IF(#REF!="Deadlift",#REF!,"") -> #REF! | EW27: =IF(#REF!="Deadlift",#REF!*#REF!*#REF!,"") -> #REF! | EX27: =IF(#REF!="pecs",#REF!,"") -> #REF! | EY27: =IF(#REF!="pecs",#REF!*#REF!*#REF!,"") -> #REF! | EZ27: =IF(#REF!="dos",#REF!,"") -> #REF! | FA27: =IF(#REF!="dos",#REF!*#REF!*#REF!,"") -> #REF! | FB27: =IF(#REF!="épaules",#REF!,"") -> #REF! | FC27: =IF(#REF!="épaules",#REF!*#REF!*#REF!,"") -> #REF! | FD27: =IF(#REF!="biceps",#REF!,"") -> #REF! | FE27: =IF(#REF!="biceps",#REF!*#REF!*#REF!,"") -> #REF! | FF27: =IF(#REF!="triceps",#REF!,"") -> #REF! | FG27: =IF(#REF!="triceps",#REF!*#REF!*#REF!,"") -> #REF! | FH27: =IF(#REF!="quads",#REF!,"") -> #REF! | FI27: =IF(#REF!="quads",#REF!*#REF!*#REF!,"") -> #REF! | FJ27: =IF(#REF!="ischios",#REF!,"") -> #REF! | FK27: =IF(#REF!="ischios",#REF!*#REF!*#REF!,"") -> #REF! | FL27: =IF(#REF!="fessier",#REF!,"") -> #REF! | FM27: =IF(#REF!="fessier",#REF!*#REF!*#REF!,"") -> #REF! | FN27: =IF(#REF!="mollets",#REF!,"") -> #REF! | FO27: =IF(#REF!="mollets",#REF!*#REF!*#REF!,"") -> #REF!
D28: Type | E28: Muscle | F28: Exercices | G28: Sets | H28: Reps | I28: Intensité | J28: Charge | K28: RPE | L28: e1RM | M28: Notes | O28: =IF(D26="Squat",G26,"") | P28: =IF(D26="Squat",G26*H26*J26,"") | Q28: =IF(D26="Bench",G26,"") | R28: =IF(D26="Bench",G26*H26*J26,"") | S28: =IF(D26="Deadlift",G26,"") | T28: =IF(D26="Deadlift",G26*H26*J26,"") | U28: =IF(E26="pecs",G26,"") | V28: =IF(E26="pecs",G26*H26*J26,"") | W28: =IF(E26="dos",G26,"") | X28: =IF(E26="dos",G26*H26*J26,"") | Y28: =IF(E26="épaules",G26,"") | Z28: =IF(E26="épaules",G26*H26*J26,"") | AA28: =IF(E26="biceps",G26,"") | AB28: =IF(E26="biceps",G26*H26*J26,"") | AC28: =IF(E26="triceps",G26,"") | AD28: =IF(E26="triceps",G26*H26*J26,"") | AE28: =IF(E26="quads",G26,"") | AF28: =IF(E26="quads",G26*H26*J26,"") | AG28: =IF(E26="ischios",G26,"") | AH28: =IF(E26="ischios",G26*H26*J26,"") | AI28: =IF(E26="fessier",G26,"") | AJ28: =IF(E26="fessier",G26*H26*J26,"") | AK28: =IF(E26="mollets",G26,"") | AL28: =IF(E26="mollets",G26*H26*J26,"") | AN28: Type | AO28: Muscle | AP28: Exercices | AQ28: Sets | AR28: Reps | AS28: Intensité | AT28: Charge | AU28: RPE | AV28: e1RM | AW28: Notes | AY28: =IF(AN26="Squat",AQ26,"") | AZ28: =IF(AN26="Squat",AQ26*AR26*AT26,"") | BA28: =IF(AN26="Bench",AQ26,"") | BB28: =IF(AN26="Bench",AQ26*AR26*AT26,"") | BC28: =IF(AN26="Deadlift",AQ26,"") | BD28: =IF(AN26="Deadlift",AQ26*AR26*AT26,"") | BE28: =IF(AO26="pecs",AQ26,"") | BF28: =IF(AO26="pecs",AQ26*AR26*AT26,"") | BG28: =IF(AO26="dos",AQ26,"") | BH28: =IF(AO26="dos",AQ26*AR26*AT26,"") | BI28: =IF(AO26="épaules",AQ26,"") | BJ28: =IF(AO26="épaules",AQ26*AR26*AT26,"") | BK28: =IF(AO26="biceps",AQ26,"") | BL28: =IF(AO26="biceps",AQ26*AR26*AT26,"") | BM28: =IF(AO26="triceps",AQ26,"") | BN28: =IF(AO26="triceps",AQ26*AR26*AT26,"") | BO28: =IF(AO26="quads",AQ26,"") | BP28: =IF(AO26="quads",AQ26*AR26*AT26,"") | BQ28: =IF(AO26="ischios",AQ26,"") | BR28: =IF(AO26="ischios",AQ26*AR26*AT26,"") | BS28: =IF(AO26="fessier",AQ26,"") | BT28: =IF(AO26="fessier",AQ26*AR26*AT26,"") | BU28: =IF(AO26="mollets",AQ26,"") | BV28: =IF(AO26="mollets",AQ26*AR26*AT26,"") | BX28: Type | BY28: Muscle | BZ28: Exercices | CA28: Sets | CB28: Reps | CC28: Intensité | CD28: Charge | CE28: RPE | CF28: e1RM | CG28: Notes | CI28: =IF(BX26="Squat",CA26,"") | CJ28: =IF(BX26="Squat",CA26*CB26*CD26,"") | CK28: =IF(BX26="Bench",CA26,"") | CL28: =IF(BX26="Bench",CA26*CB26*CD26,"") | CM28: =IF(BX26="Deadlift",CA26,"") | CN28: =IF(BX26="Deadlift",CA26*CB26*CD26,"") | CO28: =IF(BY26="pecs",CA26,"") | CP28: =IF(BY26="pecs",CA26*CB26*CD26,"") | CQ28: =IF(BY26="dos",CA26,"") | CR28: =IF(BY26="dos",CA26*CB26*CD26,"") | CS28: =IF(BY26="épaules",CA26,"") | CT28: =IF(BY26="épaules",CA26*CB26*CD26,"") | CU28: =IF(BY26="biceps",CA26,"") | CV28: =IF(BY26="biceps",CA26*CB26*CD26,"") | CW28: =IF(BY26="triceps",CA26,"") | CX28: =IF(BY26="triceps",CA26*CB26*CD26,"") | CY28: =IF(BY26="quads",CA26,"") | CZ28: =IF(BY26="quads",CA26*CB26*CD26,"") | DA28: =IF(BY26="ischios",CA26,"") | DB28: =IF(BY26="ischios",CA26*CB26*CD26,"") | DC28: =IF(BY26="fessier",CA26,"") | DD28: =IF(BY26="fessier",CA26*CB26*CD26,"") | DE28: =IF(BY26="mollets",CA26,"") | DF28: =IF(BY26="mollets",CA26*CB26*CD26,"") | DH28: Type | DI28: Muscle | DJ28: Exercices | DK28: Sets | DL28: Reps | DM28: Intensité | DN28: Charge | DO28: RPE | DP28: e1RM | DQ28: Notes | DT28: =IF(DH26="Squat",DK26,"") | DU28: =IF(DH26="Squat",DK26*DL26*DN26,"") | DV28: =IF(DH26="Bench",DK26,"") | DW28: =IF(DH26="Bench",DK26*DL26*DN26,"") | DX28: =IF(DH26="Deadlift",DK26,"") | DY28: =IF(DH26="Deadlift",DK26*DL26*DN26,"") | DZ28: =IF(DI26="pecs",DK26,"") | EA28: =IF(DI26="pecs",DK26*DL26*DN26,"") | EB28: =IF(DI26="dos",DK26,"") | EC28: =IF(DI26="dos",DK26*DL26*DN26,"") | ED28: =IF(DI26="épaules",DK26,"") | EE28: =IF(DI26="épaules",DK26*DL26*DN26,"") | EF28: =IF(DI26="biceps",DK26,"") | EG28: =IF(DI26="biceps",DK26*DL26*DN26,"") | EH28: =IF(DI26="triceps",DK26,"") | EI28: =IF(DI26="triceps",DK26*DL26*DN26,"") | EJ28: =IF(DI26="quads",DK26,"") | EK28: =IF(DI26="quads",DK26*DL26*DN26,"") | EL28: =IF(DI26="ischios",DK26,"") | EM28: =IF(DI26="ischios",DK26*DL26*DN26,"") | EN28: =IF(DI26="fessier",DK26,"") | EO28: =IF(DI26="fessier",DK26*DL26*DN26,"") | EP28: =IF(DI26="mollets",DK26,"") | EQ28: =IF(DI26="mollets",DK26*DL26*DN26,"") | ER28: =IF(#REF!="Squat",#REF!,"") -> #REF! | ES28: =IF(#REF!="Squat",#REF!*#REF!*#REF!,"") -> #REF! | ET28: =IF(#REF!="Bench",#REF!,"") -> #REF! | EU28: =IF(#REF!="Bench",#REF!*#REF!*#REF!,"") -> #REF! | EV28: =IF(#REF!="Deadlift",#REF!,"") -> #REF! | EW28: =IF(#REF!="Deadlift",#REF!*#REF!*#REF!,"") -> #REF! | EX28: =IF(#REF!="pecs",#REF!,"") -> #REF! | EY28: =IF(#REF!="pecs",#REF!*#REF!*#REF!,"") -> #REF! | EZ28: =IF(#REF!="dos",#REF!,"") -> #REF! | FA28: =IF(#REF!="dos",#REF!*#REF!*#REF!,"") -> #REF! | FB28: =IF(#REF!="épaules",#REF!,"") -> #REF! | FC28: =IF(#REF!="épaules",#REF!*#REF!*#REF!,"") -> #REF! | FD28: =IF(#REF!="biceps",#REF!,"") -> #REF! | FE28: =IF(#REF!="biceps",#REF!*#REF!*#REF!,"") -> #REF! | FF28: =IF(#REF!="triceps",#REF!,"") -> #REF! | FG28: =IF(#REF!="triceps",#REF!*#REF!*#REF!,"") -> #REF! | FH28: =IF(#REF!="quads",#REF!,"") -> #REF! | FI28: =IF(#REF!="quads",#REF!*#REF!*#REF!,"") -> #REF! | FJ28: =IF(#REF!="ischios",#REF!,"") -> #REF! | FK28: =IF(#REF!="ischios",#REF!*#REF!*#REF!,"") -> #REF! | FL28: =IF(#REF!="fessier",#REF!,"") -> #REF! | FM28: =IF(#REF!="fessier",#REF!*#REF!*#REF!,"") -> #REF! | FN28: =IF(#REF!="mollets",#REF!,"") -> #REF! | FO28: =IF(#REF!="mollets",#REF!*#REF!*#REF!,"") -> #REF!
B29: Semaine 3 | D29: =D20 -> Squat | E29: =E20 | F29: =F20 -> Squat 4/1/0 | G29: =G20 -> 2 | H29: =H20 -> 5 | I29: 73 | J29: =IF(D29="Squat",IF(I29>10,MROUND((I29/100*SQMAX),2.5)," "),IF(D29="Bench",IF(I29>10,MROUND((I29/100*BNMAX),2.5)," "),IF(D29="Deadlift",IF(I29>10,MROUND((I29/100*DLMAX),2.5)," ")," "))) -> 145 | L29: =IFERROR((J29/VLOOKUP(K29,'RPE vs. %'!$D$3:$P$11,H29+1,FALSE)),"") | M29: Indiquer votre forme du jour, vos observations, blessures, ... | O29: =SUM(O22:O28) -> 3 | P29: =SUM(P22:P28) -> 2150 | Q29: =SUM(Q22:Q28) -> 3 | R29: =SUM(R22:R28) -> 2460 | S29: =SUM(S22:S28) -> 0 | T29: =SUM(T22:T28) -> 0 | U29: =SUM(U22:U28) -> 0 | V29: =SUM(V22:V28) -> 0 | ... AL29: =SUM(AL22:AL28) -> 0 | AN29: =AN20 -> Deadlift | AO29: =AO20 | AP29: =AP20 -> Deadlift | AQ29: =AQ20 -> 3 | AR29: =AR20 -> 3 | AS29: =AS20+3 -> 86 | AT29: =IF(AN29="Squat",IF(AS29>10,MROUND((AS29/100*SQMAX),2.5)," "),IF(AN29="Bench",IF(AS29>10,MROUND((AS29/100*BNMAX),2.5)," "),IF(AN29="Deadlift",IF(AS29>10,MROUND((AS29/100*DLMAX),2.5)," ")," "))) -> 215 | AV29: =IFERROR((AT29/VLOOKUP(AU29,'RPE vs. %'!$D$3:$P$11,AR29+1,FALSE)),"") | AW29: Indiquer votre forme du jour, vos observations, blessures, ... | AY29: =SUM(AY22:AY28) -> 0 | AZ29: =SUM(AZ22:AZ28) -> 0 | BA29: =SUM(BA22:BA28) -> 3 | BB29: =SUM(BB22:BB28) -> 1425 | BC29: =SUM(BC22:BC28) -> 5 | BD29: =SUM(BD22:BD28) -> 3442.5 | BE29: =SUM(BE22:BE28) -> 0 | BF29: =SUM(BF22:BF28) -> 0 | ... BV29: =SUM(BV22:BV28) -> 0 | BX29: =BX20 -> Squat | BY29: =BY20 | BZ29: =BZ20 -> Squat pause | CA29: =CA20 -> 3 | CB29: =CB20 -> 5 | CC29: =CC20+4 -> 72 | CD29: =IF(BX29="Squat",IF(CC29>10,MROUND((CC29/100*SQMAX),2.5)," "),IF(BX29="Bench",IF(CC29>10,MROUND((CC29/100*BNMAX),2.5)," "),IF(BX29="Deadlift",IF(CC29>10,MROUND((CC29/100*DLMAX),2.5)," ")," "))) -> 145 | CF29: =IFERROR((CD29/VLOOKUP(CE29,'RPE vs. %'!$D$3:$P$11,CB29+1,FALSE)),"") | CG29: Indiquer votre forme du jour, vos observations, blessures, ... | CI29: =SUM(CI22:CI28) -> 3 | CJ29: =SUM(CJ22:CJ28) -> 2025 | CK29: =SUM(CK22:CK28) -> 6 | CL29: =SUM(CL22:CL28) -> 1680 | CM29: =SUM(CM22:CM28) -> 0 | CN29: =SUM(CN22:CN28) -> 0 | CO29: =SUM(CO22:CO28) -> 0 | CP29: =SUM(CP22:CP28) -> 0 | ... DF29: =SUM(DF22:DF28) -> 0 | DH29: =DH20 -> Squat | DI29: =DI20 | DJ29: =DJ20 -> Squat | DK29: =DK20 -> 3 | DL29: =DL20 -> 3 | DM29: =DM20+3 -> 88 | DN29: =IF(DH29="Squat",IF(DM29>10,MROUND((DM29/100*SQMAX),2.5)," "),IF(DH29="Bench",IF(DM29>10,MROUND((DM29/100*BNMAX),2.5)," "),IF(DH29="Deadlift",IF(DM29>10,MROUND((DM29/100*DLMAX),2.5)," ")," "))) -> 175 | DP29: =IFERROR((DN29/VLOOKUP(DO29,'RPE vs. %'!$D$3:$P$11,DL29+1,FALSE)),"") | DQ29: Indiquer votre forme du jour, vos observations, blessures, ... | DT29: =SUM(DT22:DT28) -> 3 | DU29: =SUM(DU22:DU28) -> 1530 | DV29: =SUM(DV22:DV28) -> 3 | DW29: =SUM(DW22:DW28) -> 1080 | DX29: =SUM(DX22:DX28) -> 3 | DY29: =SUM(DY22:DY28) -> 1912.5 | DZ29: =SUM(DZ22:DZ28) -> 0 | EA29: =SUM(EA22:EA28) -> 0 | ... FO29: =SUM(FO22:FO28) -> #REF!
D30: =D21 -> Squat | E30: =E21 | F30: =F21 -> Squat | G30: =G21 -> 1 | H30: =H21 -> 5 | I30: =I21+3 -> 78 | J30: =IF(D30="Squat",IF(I30>10,MROUND((I30/100*SQMAX),2.5)," "),IF(D30="Bench",IF(I30>10,MROUND((I30/100*BNMAX),2.5)," "),IF(D30="Deadlift",IF(I30>10,MROUND((I30/100*DLMAX),2.5)," ")," "))) -> 155 | L30: =IFERROR((J30/VLOOKUP(K30,'RPE vs. %'!$D$3:$P$11,H30+1,FALSE)),"") | O30: VOLUME S3J1 | AN30: =AN21 -> Deadlift | AO30: =AO21 | AP30: =AP21 -> Deadlift pause | AQ30: =AQ21 -> 2 | AR30: =AR21 -> 5 | AS30: =AS21+3 -> 66 | AT30: =IF(AN30="Squat",IF(AS30>10,MROUND((AS30/100*SQMAX),2.5)," "),IF(AN30="Bench",IF(AS30>10,MROUND((AS30/100*BNMAX),2.5)," "),IF(AN30="Deadlift",IF(AS30>10,MROUND((AS30/100*DLMAX),2.5)," ")," "))) -> 165 | AV30: =IFERROR((AT30/VLOOKUP(AU30,'RPE vs. %'!$D$3:$P$11,AR30+1,FALSE)),"") | AY30: VOLUME S3J1 | BX30: =BX21 -> Bench | BY30: =BY21 | BZ30: =BZ21 -> Bench | CA30: =CA21 -> 4 | CB30: =CB21 -> 2 | CC30: 92 | CD30: =IF(BX30="Squat",IF(CC30>10,MROUND((CC30/100*SQMAX),2.5)," "),IF(BX30="Bench",IF(CC30>10,MROUND((CC30/100*BNMAX),2.5)," "),IF(BX30="Deadlift",IF(CC30>10,MROUND((CC30/100*DLMAX),2.5)," ")," "))) -> 130 | CF30: =IFERROR((CD30/VLOOKUP(CE30,'RPE vs. %'!$D$3:$P$11,CB30+1,FALSE)),"") | CI30: VOLUME S3J1 | DH30: =DH21 -> Bench | DI30: =DI21 | DJ30: =DJ21 -> Bench | DK30: =DK21 -> 3 | DL30: =DL21 -> 3 | DM30: =DM21+3 -> 88 | DN30: =IF(DH30="Squat",IF(DM30>10,MROUND((DM30/100*SQMAX),2.5)," "),IF(DH30="Bench",IF(DM30>10,MROUND((DM30/100*BNMAX),2.5)," "),IF(DH30="Deadlift",IF(DM30>10,MROUND((DM30/100*DLMAX),2.5)," ")," "))) -> 122.5 | DP30: =IFERROR((DN30/VLOOKUP(DO30,'RPE vs. %'!$D$3:$P$11,DL30+1,FALSE)),"") | DT30: VOLUME S3J1 | ER30: VOLUME S3J1
D31: =D22 -> Bench | E31: =E22 | F31: =F22 -> Bench | G31: =G22 -> 3 | H31: =H22 -> 8 | I31: =I22+3 -> 76 | J31: =IF(D31="Squat",IF(I31>10,MROUND((I31/100*SQMAX),2.5)," "),IF(D31="Bench",IF(I31>10,MROUND((I31/100*BNMAX),2.5)," "),IF(D31="Deadlift",IF(I31>10,MROUND((I31/100*DLMAX),2.5)," ")," "))) -> 107.5 | L31: =IFERROR((J31/VLOOKUP(K31,'RPE vs. %'!$D$3:$P$11,H31+1,FALSE)),"") | O31: squat | Q31: bench | S31: deadlift | U31: pecs | W31: dos | Y31: épaules | AA31: biceps | AC31: triceps | AE31: quads | AG31: ischios | AI31: fessier | AK31: mollets | AN31: =AN22 -> Bench | AO31: =AO22 | AP31: =AP22 -> Bench larsen | AQ31: =AQ22 -> 3 | AR31: =AR22 -> 5 | AS31: =AS22+3 -> 70 | AT31: =IF(AN31="Squat",IF(AS31>10,MROUND((AS31/100*SQMAX),2.5)," "),IF(AN31="Bench",IF(AS31>10,MROUND((AS31/100*BNMAX),2.5)," "),IF(AN31="Deadlift",IF(AS31>10,MROUND((AS31/100*DLMAX),2.5)," ")," "))) -> 97.5 | AV31: =IFERROR((AT31/VLOOKUP(AU31,'RPE vs. %'!$D$3:$P$11,AR31+1,FALSE)),"") | AY31: squat | BA31: bench | BC31: deadlift | BE31: pecs | BG31: dos | BI31: épaules | BK31: biceps | BM31: triceps | BO31: quads | BQ31: ischios | BS31: fessier | BU31: mollets | BX31: =BX22 -> Bench | BY31: =BY22 | BZ31: bench fatigued single | CA31: =CA22 -> 2 | CB31: 1 | CC31: 102 | CD31: =IF(BX31="Squat",IF(CC31>10,MROUND((CC31/100*SQMAX),2.5)," "),IF(BX31="Bench",IF(CC31>10,MROUND((CC31/100*BNMAX),2.5)," "),IF(BX31="Deadlift",IF(CC31>10,MROUND((CC31/100*DLMAX),2.5)," ")," "))) -> 142.5 | CF31: =IFERROR((CD31/VLOOKUP(CE31,'RPE vs. %'!$D$3:$P$11,CB31+1,FALSE)),"") | CI31: squat | CK31: bench | CM31: deadlift | CO31: pecs | CQ31: dos | CS31: épaules | CU31: biceps | CW31: triceps | CY31: quads | DA31: ischios | DC31: fessier | DE31: mollets | DH31: =DH22 -> Deadlift | DI31: =DI22 | DJ31: =DJ22 -> Deadlift | DK31: =DK22 -> 3 | DL31: =DL22 -> 3 | DM31: =DM22+3 -> 88 | DN31: =IF(DH31="Squat",IF(DM31>10,MROUND((DM31/100*SQMAX),2.5)," "),IF(DH31="Bench",IF(DM31>10,MROUND((DM31/100*BNMAX),2.5)," "),IF(DH31="Deadlift",IF(DM31>10,MROUND((DM31/100*DLMAX),2.5)," ")," "))) -> 220 | DP31: =IFERROR((DN31/VLOOKUP(DO31,'RPE vs. %'!$D$3:$P$11,DL31+1,FALSE)),"") | DT31: squat | DV31: bench | DX31: deadlift | DZ31: pecs | EB31: dos | ED31: épaules | EF31: biceps | EH31: triceps | EJ31: quads | EL31: ischios | EN31: fessier | EP31: mollets | ER31: squat | ET31: bench | EV31: deadlift | EX31: pecs | EZ31: dos | FB31: épaules | FD31: biceps | FF31: triceps | FH31: quads | FJ31: ischios | FL31: fessier | FN31: mollets
D32: =D23 -> Renfo | E32: =E23 | F32: =F23 -> Hack squat | G32: =G23 -> 2 | H32: =H23 -> 45938 | I32: =I14 | J32: =IF(D32="Squat",IF(I32>10,MROUND((I32/100*SQMAX),2.5)," "),IF(D32="Bench",IF(I32>10,MROUND((I32/100*BNMAX),2.5)," "),IF(D32="Deadlift",IF(I32>10,MROUND((I32/100*DLMAX),2.5)," ")," "))) | L32: =IFERROR((J32/VLOOKUP(K32,'RPE vs. %'!$D$3:$P$11,H32+1,FALSE)),"") | O32: Série | P32: Tonnage | Q32: Série | R32: Tonnage | S32: Série | T32: Tonnage | U32: Série | V32: Tonnage | W32: Série | X32: Tonnage | Y32: Série | Z32: Tonnage | AA32: Série | AB32: Tonnage | AC32: Série | AD32: Tonnage | AE32: Série | AF32: Tonnage | AG32: Série | AH32: Tonnage | AI32: Série | AJ32: Tonnage | AK32: Série | AL32: Tonnage | AN32: =AN23 -> Renfo | AO32: =AO23 | AP32: =AP23 -> Rdl uni | AQ32: =AQ23 -> 3 | AR32: =AR23 -> 8 | AS32: =AS14 | AT32: =IF(AN32="Squat",IF(AS32>10,MROUND((AS32/100*SQMAX),2.5)," "),IF(AN32="Bench",IF(AS32>10,MROUND((AS32/100*BNMAX),2.5)," "),IF(AN32="Deadlift",IF(AS32>10,MROUND((AS32/100*DLMAX),2.5)," ")," "))) | AV32: =IFERROR((AT32/VLOOKUP(AU32,'RPE vs. %'!$D$3:$P$11,AR32+1,FALSE)),"") | AY32: Série | AZ32: Tonnage | BA32: Série | BB32: Tonnage | BC32: Série | BD32: Tonnage | BE32: Série | BF32: Tonnage | BG32: Série | BH32: Tonnage | BI32: Série | BJ32: Tonnage | BK32: Série | BL32: Tonnage | BM32: Série | BN32: Tonnage | BO32: Série | BP32: Tonnage | BQ32: Série | BR32: Tonnage | BS32: Série | BT32: Tonnage | BU32: Série | BV32: Tonnage | BX32: =BX23 -> Renfo | BY32: =BY23 | BZ32: =BZ23 -> chest press | CA32: =CA23 -> 3 | CB32: =CB23 -> 12 | CC32: =CC14 | CD32: =IF(BX32="Squat",IF(CC32>10,MROUND((CC32/100*SQMAX),2.5)," "),IF(BX32="Bench",IF(CC32>10,MROUND((CC32/100*BNMAX),2.5)," "),IF(BX32="Deadlift",IF(CC32>10,MROUND((CC32/100*DLMAX),2.5)," ")," "))) | CF32: =IFERROR((CD32/VLOOKUP(CE32,'RPE vs. %'!$D$3:$P$11,CB32+1,FALSE)),"") | CI32: Série | CJ32: Tonnage | CK32: Série | CL32: Tonnage | CM32: Série | CN32: Tonnage | CO32: Série | CP32: Tonnage | CQ32: Série | CR32: Tonnage | CS32: Série | CT32: Tonnage | CU32: Série | CV32: Tonnage | CW32: Série | CX32: Tonnage | CY32: Série | CZ32: Tonnage | DA32: Série | DB32: Tonnage | DC32: Série | DD32: Tonnage | DE32: Série | DF32: Tonnage | DH32: =DH23 -> Renfo | DI32: =DI23 | DJ32: =DJ23 -> Back extension | DK32: =DK23 -> 5 | DL32: =DL23 -> 12 | DM32: =DM14 | DN32: =IF(DH32="Squat",IF(DM32>10,MROUND((DM32/100*SQMAX),2.5)," "),IF(DH32="Bench",IF(DM32>10,MROUND((DM32/100*BNMAX),2.5)," "),IF(DH32="Deadlift",IF(DM32>10,MROUND((DM32/100*DLMAX),2.5)," ")," "))) | DP32: =IFERROR((DN32/VLOOKUP(DO32,'RPE vs. %'!$D$3:$P$11,DL32+1,FALSE)),"") | DT32: Série | DU32: Tonnage | DV32: Série | DW32: Tonnage | DX32: Série | DY32: Tonnage | DZ32: Série | EA32: Tonnage | EB32: Série | EC32: Tonnage | ED32: Série | EE32: Tonnage | EF32: Série | EG32: Tonnage | EH32: Série | EI32: Tonnage | EJ32: Série | EK32: Tonnage | EL32: Série | EM32: Tonnage | EN32: Série | EO32: Tonnage | EP32: Série | EQ32: Tonnage | ER32: Série | ES32: Tonnage | ET32: Série | EU32: Tonnage | EV32: Série | EW32: Tonnage | EX32: Série | EY32: Tonnage | EZ32: Série | FA32: Tonnage | FB32: Série | FC32: Tonnage | FD32: Série | FE32: Tonnage | FF32: Série | FG32: Tonnage | FH32: Série | FI32: Tonnage | FJ32: Série | FK32: Tonnage | FL32: Série | FM32: Tonnage | FN32: Série | FO32: Tonnage
D33: =D24 -> Renfo | E33: =E24 | F33: =F24 -> développer militaire | G33: =G24 -> 2 | H33: =H24 -> 8 | I33: =I15 | J33: =IF(D33="Squat",IF(I33>10,MROUND((I33/100*SQMAX),2.5)," "),IF(D33="Bench",IF(I33>10,MROUND((I33/100*BNMAX),2.5)," "),IF(D33="Deadlift",IF(I33>10,MROUND((I33/100*DLMAX),2.5)," ")," "))) | L33: =IFERROR((J33/VLOOKUP(K33,'RPE vs. %'!$D$3:$P$11,H33+1,FALSE)),"") | O33: =IF(D29="Squat",G29,"") -> 2 | P33: =IF(D29="Squat",G29*H29*J29,"") -> 1450 | Q33: =IF(D29="Bench",G29,"") | R33: =IF(D29="Bench",G29*H29*J29,"") | S33: =IF(D29="Deadlift",G29,"") | T33: =IF(D29="Deadlift",G29*H29*J29,"") | U33: =IF(E29="pecs",G29,"") | V33: =IF(E29="pecs",G29*H29*J29,"") | W33: =IF(E29="dos",G29,"") | X33: =IF(E29="dos",G29*H29*J29,"") | Y33: =IF(E29="épaules",G29,"") | Z33: =IF(E29="épaules",G29*H29*J29,"") | AA33: =IF(E29="biceps",G29,"") | AB33: =IF(E29="biceps",G29*H29*J29,"") | AC33: =IF(E29="triceps",G29,"") | AD33: =IF(E29="triceps",G29*H29*J29,"") | AE33: =IF(E29="quads",G29,"") | AF33: =IF(E29="quads",G29*H29*J29,"") | AG33: =IF(E29="ischios",G29,"") | AH33: =IF(E29="ischios",G29*H29*J29,"") | AI33: =IF(E29="fessier",G29,"") | AJ33: =IF(E29="fessier",G29*H29*J29,"") | AK33: =IF(E29="mollets",G29,"") | AL33: =IF(E29="mollets",G29*H29*J29,"") | AN33: =AN24 -> Renfo | AO33: =AO24 | AP33: =AP24 -> Back extension | AQ33: =AQ24 -> 5 | AR33: =AR24 -> 12 | AS33: =AS15 | AT33: =IF(AN33="Squat",IF(AS33>10,MROUND((AS33/100*SQMAX),2.5)," "),IF(AN33="Bench",IF(AS33>10,MROUND((AS33/100*BNMAX),2.5)," "),IF(AN33="Deadlift",IF(AS33>10,MROUND((AS33/100*DLMAX),2.5)," ")," "))) | AV33: =IFERROR((AT33/VLOOKUP(AU33,'RPE vs. %'!$D$3:$P$11,AR33+1,FALSE)),"") | AY33: =IF(AN29="Squat",AQ29,"") | AZ33: =IF(AN29="Squat",AQ29*AR29*AT29,"") | BA33: =IF(AN29="Bench",AQ29,"") | BB33: =IF(AN29="Bench",AQ29*AR29*AT29,"") | BC33: =IF(AN29="Deadlift",AQ29,"") -> 3 | BD33: =IF(AN29="Deadlift",AQ29*AR29*AT29,"") -> 1935 | BE33: =IF(AO29="pecs",AQ29,"") | BF33: =IF(AO29="pecs",AQ29*AR29*AT29,"") | BG33: =IF(AO29="dos",AQ29,"") | BH33: =IF(AO29="dos",AQ29*AR29*AT29,"") | BI33: =IF(AO29="épaules",AQ29,"") | BJ33: =IF(AO29="épaules",AQ29*AR29*AT29,"") | BK33: =IF(AO29="biceps",AQ29,"") | BL33: =IF(AO29="biceps",AQ29*AR29*AT29,"") | BM33: =IF(AO29="triceps",AQ29,"") | BN33: =IF(AO29="triceps",AQ29*AR29*AT29,"") | BO33: =IF(AO29="quads",AQ29,"") | BP33: =IF(AO29="quads",AQ29*AR29*AT29,"") | BQ33: =IF(AO29="ischios",AQ29,"") | BR33: =IF(AO29="ischios",AQ29*AR29*AT29,"") | BS33: =IF(AO29="fessier",AQ29,"") | BT33: =IF(AO29="fessier",AQ29*AR29*AT29,"") | BU33: =IF(AO29="mollets",AQ29,"") | BV33: =IF(AO29="mollets",AQ29*AR29*AT29,"") | BX33: =BX24 -> Renfo | BY33: =BY24 | BZ33: =BZ24 -> Incliné haltère | CA33: =CA24 -> 3 | CB33: =CB24 -> 8 | CC33: =CC15 | CD33: =IF(BX33="Squat",IF(CC33>10,MROUND((CC33/100*SQMAX),2.5)," "),IF(BX33="Bench",IF(CC33>10,MROUND((CC33/100*BNMAX),2.5)," "),IF(BX33="Deadlift",IF(CC33>10,MROUND((CC33/100*DLMAX),2.5)," ")," "))) | CF33: =IFERROR((CD33/VLOOKUP(CE33,'RPE vs. %'!$D$3:$P$11,CB33+1,FALSE)),"") | CI33: =IF(BX29="Squat",CA29,"") -> 3 | CJ33: =IF(BX29="Squat",CA29*CB29*CD29,"") -> 2175 | CK33: =IF(BX29="Bench",CA29,"") | CL33: =IF(BX29="Bench",CA29*CB29*CD29,"") | CM33: =IF(BX29="Deadlift",CA29,"") | CN33: =IF(BX29="Deadlift",CA29*CB29*CD29,"") | CO33: =IF(BY29="pecs",CA29,"") | CP33: =IF(BY29="pecs",CA29*CB29*CD29,"") | CQ33: =IF(BY29="dos",CA29,"") | CR33: =IF(BY29="dos",CA29*CB29*CD29,"") | CS33: =IF(BY29="épaules",CA29,"") | CT33: =IF(BY29="épaules",CA29*CB29*CD29,"") | CU33: =IF(BY29="biceps",CA29,"") | CV33: =IF(BY29="biceps",CA29*CB29*CD29,"") | CW33: =IF(BY29="triceps",CA29,"") | CX33: =IF(BY29="triceps",CA29*CB29*CD29,"") | CY33: =IF(BY29="quads",CA29,"") | CZ33: =IF(BY29="quads",CA29*CB29*CD29,"") | DA33: =IF(BY29="ischios",CA29,"") | DB33: =IF(BY29="ischios",CA29*CB29*CD29,"") | DC33: =IF(BY29="fessier",CA29,"") | DD33: =IF(BY29="fessier",CA29*CB29*CD29,"") | DE33: =IF(BY29="mollets",CA29,"") | DF33: =IF(BY29="mollets",CA29*CB29*CD29,"") | DH33: =DH24 -> Renfo | DI33: =DI24 | DJ33: =DJ24 -> Back extension (coté) | DK33: =DK24 -> 3 | DL33: =DL24 -> 12 | DM33: =DM15 | DN33: =IF(DH33="Squat",IF(DM33>10,MROUND((DM33/100*SQMAX),2.5)," "),IF(DH33="Bench",IF(DM33>10,MROUND((DM33/100*BNMAX),2.5)," "),IF(DH33="Deadlift",IF(DM33>10,MROUND((DM33/100*DLMAX),2.5)," ")," "))) | DP33: =IFERROR((DN33/VLOOKUP(DO33,'RPE vs. %'!$D$3:$P$11,DL33+1,FALSE)),"") | DT33: =IF(DH29="Squat",DK29,"") -> 3 | DU33: =IF(DH29="Squat",DK29*DL29*DN29,"") -> 1575 | DV33: =IF(DH29="Bench",DK29,"") | DW33: =IF(DH29="Bench",DK29*DL29*DN29,"") | DX33: =IF(DH29="Deadlift",DK29,"") | DY33: =IF(DH29="Deadlift",DK29*DL29*DN29,"") | DZ33: =IF(DI29="pecs",DK29,"") | EA33: =IF(DI29="pecs",DK29*DL29*DN29,"") | EB33: =IF(DI29="dos",DK29,"") | EC33: =IF(DI29="dos",DK29*DL29*DN29,"") | ED33: =IF(DI29="épaules",DK29,"") | EE33: =IF(DI29="épaules",DK29*DL29*DN29,"") | EF33: =IF(DI29="biceps",DK29,"") | EG33: =IF(DI29="biceps",DK29*DL29*DN29,"") | EH33: =IF(DI29="triceps",DK29,"") | EI33: =IF(DI29="triceps",DK29*DL29*DN29,"") | EJ33: =IF(DI29="quads",DK29,"") | EK33: =IF(DI29="quads",DK29*DL29*DN29,"") | EL33: =IF(DI29="ischios",DK29,"") | EM33: =IF(DI29="ischios",DK29*DL29*DN29,"") | EN33: =IF(DI29="fessier",DK29,"") | EO33: =IF(DI29="fessier",DK29*DL29*DN29,"") | EP33: =IF(DI29="mollets",DK29,"") | EQ33: =IF(DI29="mollets",DK29*DL29*DN29,"") | ER33: =IF(#REF!="Squat",#REF!,"") -> #REF! | ES33: =IF(#REF!="Squat",#REF!*#REF!*#REF!,"") -> #REF! | ET33: =IF(#REF!="Bench",#REF!,"") -> #REF! | EU33: =IF(#REF!="Bench",#REF!*#REF!*#REF!,"") -> #REF! | EV33: =IF(#REF!="Deadlift",#REF!,"") -> #REF! | EW33: =IF(#REF!="Deadlift",#REF!*#REF!*#REF!,"") -> #REF! | EX33: =IF(#REF!="pecs",#REF!,"") -> #REF! | EY33: =IF(#REF!="pecs",#REF!*#REF!*#REF!,"") -> #REF! | EZ33: =IF(#REF!="dos",#REF!,"") -> #REF! | FA33: =IF(#REF!="dos",#REF!*#REF!*#REF!,"") -> #REF! | FB33: =IF(#REF!="épaules",#REF!,"") -> #REF! | FC33: =IF(#REF!="épaules",#REF!*#REF!*#REF!,"") -> #REF! | FD33: =IF(#REF!="biceps",#REF!,"") -> #REF! | FE33: =IF(#REF!="biceps",#REF!*#REF!*#REF!,"") -> #REF! | FF33: =IF(#REF!="triceps",#REF!,"") -> #REF! | FG33: =IF(#REF!="triceps",#REF!*#REF!*#REF!,"") -> #REF! | FH33: =IF(#REF!="quads",#REF!,"") -> #REF! | FI33: =IF(#REF!="quads",#REF!*#REF!*#REF!,"") -> #REF! | FJ33: =IF(#REF!="ischios",#REF!,"") -> #REF! | FK33: =IF(#REF!="ischios",#REF!*#REF!*#REF!,"") -> #REF! | FL33: =IF(#REF!="fessier",#REF!,"") -> #REF! | FM33: =IF(#REF!="fessier",#REF!*#REF!*#REF!,"") -> #REF! | FN33: =IF(#REF!="mollets",#REF!,"") -> #REF! | FO33: =IF(#REF!="mollets",#REF!*#REF!*#REF!,"") -> #REF!
D34: =D25 -> Renfo | E34: =E25 | F34: =F25 -> élévation lateral | G34: =G25 -> 3 | H34: =H25 -> 12 | I34: =I16 | J34: =IF(D34="Squat",IF(I34>10,MROUND((I34/100*SQMAX),2.5)," "),IF(D34="Bench",IF(I34>10,MROUND((I34/100*BNMAX),2.5)," "),IF(D34="Deadlift",IF(I34>10,MROUND((I34/100*DLMAX),2.5)," ")," "))) | L34: =IFERROR((J34/VLOOKUP(K34,'RPE vs. %'!$D$3:$P$11,H34+1,FALSE)),"") | O34: =IF(D30="Squat",G30,"") -> 1 | P34: =IF(D30="Squat",G30*H30*J30,"") -> 775 | Q34: =IF(D30="Bench",G30,"") | R34: =IF(D30="Bench",G30*H30*J30,"") | S34: =IF(D30="Deadlift",G30,"") | T34: =IF(D30="Deadlift",G30*H30*J30,"") | U34: =IF(E30="pecs",G30,"") | V34: =IF(E30="pecs",G30*H30*J30,"") | W34: =IF(E30="dos",G30,"") | X34: =IF(E30="dos",G30*H30*J30,"") | Y34: =IF(E30="épaules",G30,"") | Z34: =IF(E30="épaules",G30*H30*J30,"") | AA34: =IF(E30="biceps",G30,"") | AB34: =IF(E30="biceps",G30*H30*J30,"") | AC34: =IF(E30="triceps",G30,"") | AD34: =IF(E30="triceps",G30*H30*J30,"") | AE34: =IF(E30="quads",G30,"") | AF34: =IF(E30="quads",G30*H30*J30,"") | AG34: =IF(E30="ischios",G30,"") | AH34: =IF(E30="ischios",G30*H30*J30,"") | AI34: =IF(E30="fessier",G30,"") | AJ34: =IF(E30="fessier",G30*H30*J30,"") | AK34: =IF(E30="mollets",G30,"") | AL34: =IF(E30="mollets",G30*H30*J30,"") | AN34: =AN25 -> Renfo | AO34: =AO25 | AP34: =AP25 -> Traction | AQ34: =AQ25 -> 3 | AR34: =AR25 -> 12 | AS34: =AS16 | AT34: =IF(AN34="Squat",IF(AS34>10,MROUND((AS34/100*SQMAX),2.5)," "),IF(AN34="Bench",IF(AS34>10,MROUND((AS34/100*BNMAX),2.5)," "),IF(AN34="Deadlift",IF(AS34>10,MROUND((AS34/100*DLMAX),2.5)," ")," "))) | AV34: =IFERROR((AT34/VLOOKUP(AU34,'RPE vs. %'!$D$3:$P$11,AR34+1,FALSE)),"") | AY34: =IF(AN30="Squat",AQ30,"") | AZ34: =IF(AN30="Squat",AQ30*AR30*AT30,"") | BA34: =IF(AN30="Bench",AQ30,"") | BB34: =IF(AN30="Bench",AQ30*AR30*AT30,"") | BC34: =IF(AN30="Deadlift",AQ30,"") -> 2 | BD34: =IF(AN30="Deadlift",AQ30*AR30*AT30,"") -> 1650 | BE34: =IF(AO30="pecs",AQ30,"") | BF34: =IF(AO30="pecs",AQ30*AR30*AT30,"") | BG34: =IF(AO30="dos",AQ30,"") | BH34: =IF(AO30="dos",AQ30*AR30*AT30,"") | BI34: =IF(AO30="épaules",AQ30,"") | BJ34: =IF(AO30="épaules",AQ30*AR30*AT30,"") | BK34: =IF(AO30="biceps",AQ30,"") | BL34: =IF(AO30="biceps",AQ30*AR30*AT30,"") | BM34: =IF(AO30="triceps",AQ30,"") | BN34: =IF(AO30="triceps",AQ30*AR30*AT30,"") | BO34: =IF(AO30="quads",AQ30,"") | BP34: =IF(AO30="quads",AQ30*AR30*AT30,"") | BQ34: =IF(AO30="ischios",AQ30,"") | BR34: =IF(AO30="ischios",AQ30*AR30*AT30,"") | BS34: =IF(AO30="fessier",AQ30,"") | BT34: =IF(AO30="fessier",AQ30*AR30*AT30,"") | BU34: =IF(AO30="mollets",AQ30,"") | BV34: =IF(AO30="mollets",AQ30*AR30*AT30,"") | BX34: =BX25 -> Renfo | BY34: =BY25 | BZ34: =BZ25 -> Extension triceps | CA34: =CA25 -> 3 | CB34: =CB25 -> 15 | CC34: =CC16 | CD34: =IF(BX34="Squat",IF(CC34>10,MROUND((CC34/100*SQMAX),2.5)," "),IF(BX34="Bench",IF(CC34>10,MROUND((CC34/100*BNMAX),2.5)," "),IF(BX34="Deadlift",IF(CC34>10,MROUND((CC34/100*DLMAX),2.5)," ")," "))) | CF34: =IFERROR((CD34/VLOOKUP(CE34,'RPE vs. %'!$D$3:$P$11,CB34+1,FALSE)),"") | CI34: =IF(BX30="Squat",CA30,"") | CJ34: =IF(BX30="Squat",CA30*CB30*CD30,"") | CK34: =IF(BX30="Bench",CA30,"") -> 4 | CL34: =IF(BX30="Bench",CA30*CB30*CD30,"") -> 1040 | CM34: =IF(BX30="Deadlift",CA30,"") | CN34: =IF(BX30="Deadlift",CA30*CB30*CD30,"") | CO34: =IF(BY30="pecs",CA30,"") | CP34: =IF(BY30="pecs",CA30*CB30*CD30,"") | CQ34: =IF(BY30="dos",CA30,"") | CR34: =IF(BY30="dos",CA30*CB30*CD30,"") | CS34: =IF(BY30="épaules",CA30,"") | CT34: =IF(BY30="épaules",CA30*CB30*CD30,"") | CU34: =IF(BY30="biceps",CA30,"") | CV34: =IF(BY30="biceps",CA30*CB30*CD30,"") | CW34: =IF(BY30="triceps",CA30,"") | CX34: =IF(BY30="triceps",CA30*CB30*CD30,"") | CY34: =IF(BY30="quads",CA30,"") | CZ34: =IF(BY30="quads",CA30*CB30*CD30,"") | DA34: =IF(BY30="ischios",CA30,"") | DB34: =IF(BY30="ischios",CA30*CB30*CD30,"") | DC34: =IF(BY30="fessier",CA30,"") | DD34: =IF(BY30="fessier",CA30*CB30*CD30,"") | DE34: =IF(BY30="mollets",CA30,"") | DF34: =IF(BY30="mollets",CA30*CB30*CD30,"") | DH34: =DH25 | DI34: =DI25 | DJ34: =DJ25 | DK34: =DK25 | DL34: =DL25 | DM34: =DM16 | DN34: =IF(DH34="Squat",IF(DM34>10,MROUND((DM34/100*SQMAX),2.5)," "),IF(DH34="Bench",IF(DM34>10,MROUND((DM34/100*BNMAX),2.5)," "),IF(DH34="Deadlift",IF(DM34>10,MROUND((DM34/100*DLMAX),2.5)," ")," "))) | DP34: =IFERROR((DN34/VLOOKUP(DO34,'RPE vs. %'!$D$3:$P$11,DL34+1,FALSE)),"") | DT34: =IF(DH30="Squat",DK30,"") | DU34: =IF(DH30="Squat",DK30*DL30*DN30,"") | DV34: =IF(DH30="Bench",DK30,"") -> 3 | DW34: =IF(DH30="Bench",DK30*DL30*DN30,"") -> 1102.5 | DX34: =IF(DH30="Deadlift",DK30,"") | DY34: =IF(DH30="Deadlift",DK30*DL30*DN30,"") | DZ34: =IF(DI30="pecs",DK30,"") | EA34: =IF(DI30="pecs",DK30*DL30*DN30,"") | EB34: =IF(DI30="dos",DK30,"") | EC34: =IF(DI30="dos",DK30*DL30*DN30,"") | ED34: =IF(DI30="épaules",DK30,"") | EE34: =IF(DI30="épaules",DK30*DL30*DN30,"") | EF34: =IF(DI30="biceps",DK30,"") | EG34: =IF(DI30="biceps",DK30*DL30*DN30,"") | EH34: =IF(DI30="triceps",DK30,"") | EI34: =IF(DI30="triceps",DK30*DL30*DN30,"") | EJ34: =IF(DI30="quads",DK30,"") | EK34: =IF(DI30="quads",DK30*DL30*DN30,"") | EL34: =IF(DI30="ischios",DK30,"") | EM34: =IF(DI30="ischios",DK30*DL30*DN30,"") | EN34: =IF(DI30="fessier",DK30,"") | EO34: =IF(DI30="fessier",DK30*DL30*DN30,"") | EP34: =IF(DI30="mollets",DK30,"") | EQ34: =IF(DI30="mollets",DK30*DL30*DN30,"") | ER34: =IF(#REF!="Squat",#REF!,"") -> #REF! | ES34: =IF(#REF!="Squat",#REF!*#REF!*#REF!,"") -> #REF! | ET34: =IF(#REF!="Bench",#REF!,"") -> #REF! | EU34: =IF(#REF!="Bench",#REF!*#REF!*#REF!,"") -> #REF! | EV34: =IF(#REF!="Deadlift",#REF!,"") -> #REF! | EW34: =IF(#REF!="Deadlift",#REF!*#REF!*#REF!,"") -> #REF! | EX34: =IF(#REF!="pecs",#REF!,"") -> #REF! | EY34: =IF(#REF!="pecs",#REF!*#REF!*#REF!,"") -> #REF! | EZ34: =IF(#REF!="dos",#REF!,"") -> #REF! | FA34: =IF(#REF!="dos",#REF!*#REF!*#REF!,"") -> #REF! | FB34: =IF(#REF!="épaules",#REF!,"") -> #REF! | FC34: =IF(#REF!="épaules",#REF!*#REF!*#REF!,"") -> #REF! | FD34: =IF(#REF!="biceps",#REF!,"") -> #REF! | FE34: =IF(#REF!="biceps",#REF!*#REF!*#REF!,"") -> #REF! | FF34: =IF(#REF!="triceps",#REF!,"") -> #REF! | FG34: =IF(#REF!="triceps",#REF!*#REF!*#REF!,"") -> #REF! | FH34: =IF(#REF!="quads",#REF!,"") -> #REF! | FI34: =IF(#REF!="quads",#REF!*#REF!*#REF!,"") -> #REF! | FJ34: =IF(#REF!="ischios",#REF!,"") -> #REF! | FK34: =IF(#REF!="ischios",#REF!*#REF!*#REF!,"") -> #REF! | FL34: =IF(#REF!="fessier",#REF!,"") -> #REF! | FM34: =IF(#REF!="fessier",#REF!*#REF!*#REF!,"") -> #REF! | FN34: =IF(#REF!="mollets",#REF!,"") -> #REF! | FO34: =IF(#REF!="mollets",#REF!*#REF!*#REF!,"") -> #REF!
D35: =D26 | E35: =E26 | F35: =F26 | G35: =G26 | H35: =H26 | I35: =I17 | J35: =IF(D35="Squat",IF(I35>10,MROUND((I35/100*SQMAX),2.5)," "),IF(D35="Bench",IF(I35>10,MROUND((I35/100*BNMAX),2.5)," "),IF(D35="Deadlift",IF(I35>10,MROUND((I35/100*DLMAX),2.5)," ")," "))) | L35: =IFERROR((J35/VLOOKUP(K35,'RPE vs. %'!$D$3:$P$11,H35+1,FALSE)),"") | O35: =IF(D31="Squat",G31,"") | P35: =IF(D31="Squat",G31*H31*J31,"") | Q35: =IF(D31="Bench",G31,"") -> 3 | R35: =IF(D31="Bench",G31*H31*J31,"") -> 2580 | S35: =IF(D31="Deadlift",G31,"") | T35: =IF(D31="Deadlift",G31*H31*J31,"") | U35: =IF(E31="pecs",G31,"") | V35: =IF(E31="pecs",G31*H31*J31,"") | W35: =IF(E31="dos",G31,"") | X35: =IF(E31="dos",G31*H31*J31,"") | Y35: =IF(E31="épaules",G31,"") | Z35: =IF(E31="épaules",G31*H31*J31,"") | AA35: =IF(E31="biceps",G31,"") | AB35: =IF(E31="biceps",G31*H31*J31,"") | AC35: =IF(E31="triceps",G31,"") | AD35: =IF(E31="triceps",G31*H31*J31,"") | AE35: =IF(E31="quads",G31,"") | AF35: =IF(E31="quads",G31*H31*J31,"") | AG35: =IF(E31="ischios",G31,"") | AH35: =IF(E31="ischios",G31*H31*J31,"") | AI35: =IF(E31="fessier",G31,"") | AJ35: =IF(E31="fessier",G31*H31*J31,"") | AK35: =IF(E31="mollets",G31,"") | AL35: =IF(E31="mollets",G31*H31*J31,"") | AN35: =AN26 | AO35: =AO26 | AP35: =AP26 | AQ35: =AQ26 | AR35: =AR26 | AS35: =AS17 | AT35: =IF(AN35="Squat",IF(AS35>10,MROUND((AS35/100*SQMAX),2.5)," "),IF(AN35="Bench",IF(AS35>10,MROUND((AS35/100*BNMAX),2.5)," "),IF(AN35="Deadlift",IF(AS35>10,MROUND((AS35/100*DLMAX),2.5)," ")," "))) | AV35: =IFERROR((AT35/VLOOKUP(AU35,'RPE vs. %'!$D$3:$P$11,AR35+1,FALSE)),"") | AY35: =IF(AN31="Squat",AQ31,"") | AZ35: =IF(AN31="Squat",AQ31*AR31*AT31,"") | BA35: =IF(AN31="Bench",AQ31,"") -> 3 | BB35: =IF(AN31="Bench",AQ31*AR31*AT31,"") -> 1462.5 | BC35: =IF(AN31="Deadlift",AQ31,"") | BD35: =IF(AN31="Deadlift",AQ31*AR31*AT31,"") | BE35: =IF(AO31="pecs",AQ31,"") | BF35: =IF(AO31="pecs",AQ31*AR31*AT31,"") | BG35: =IF(AO31="dos",AQ31,"") | BH35: =IF(AO31="dos",AQ31*AR31*AT31,"") | BI35: =IF(AO31="épaules",AQ31,"") | BJ35: =IF(AO31="épaules",AQ31*AR31*AT31,"") | BK35: =IF(AO31="biceps",AQ31,"") | BL35: =IF(AO31="biceps",AQ31*AR31*AT31,"") | BM35: =IF(AO31="triceps",AQ31,"") | BN35: =IF(AO31="triceps",AQ31*AR31*AT31,"") | BO35: =IF(AO31="quads",AQ31,"") | BP35: =IF(AO31="quads",AQ31*AR31*AT31,"") | BQ35: =IF(AO31="ischios",AQ31,"") | BR35: =IF(AO31="ischios",AQ31*AR31*AT31,"") | BS35: =IF(AO31="fessier",AQ31,"") | BT35: =IF(AO31="fessier",AQ31*AR31*AT31,"") | BU35: =IF(AO31="mollets",AQ31,"") | BV35: =IF(AO31="mollets",AQ31*AR31*AT31,"") | BX35: =BX26 | BY35: =BY26 | BZ35: =BZ26 | CA35: =CA26 | CB35: =CB26 | CC35: =CC17 | CD35: =IF(BX35="Squat",IF(CC35>10,MROUND((CC35/100*SQMAX),2.5)," "),IF(BX35="Bench",IF(CC35>10,MROUND((CC35/100*BNMAX),2.5)," "),IF(BX35="Deadlift",IF(CC35>10,MROUND((CC35/100*DLMAX),2.5)," ")," "))) | CF35: =IFERROR((CD35/VLOOKUP(CE35,'RPE vs. %'!$D$3:$P$11,CB35+1,FALSE)),"") | CI35: =IF(BX31="Squat",CA31,"") | CJ35: =IF(BX31="Squat",CA31*CB31*CD31,"") | CK35: =IF(BX31="Bench",CA31,"") -> 2 | CL35: =IF(BX31="Bench",CA31*CB31*CD31,"") -> 285 | CM35: =IF(BX31="Deadlift",CA31,"") | CN35: =IF(BX31="Deadlift",CA31*CB31*CD31,"") | CO35: =IF(BY31="pecs",CA31,"") | CP35: =IF(BY31="pecs",CA31*CB31*CD31,"") | CQ35: =IF(BY31="dos",CA31,"") | CR35: =IF(BY31="dos",CA31*CB31*CD31,"") | CS35: =IF(BY31="épaules",CA31,"") | CT35: =IF(BY31="épaules",CA31*CB31*CD31,"") | CU35: =IF(BY31="biceps",CA31,"") | CV35: =IF(BY31="biceps",CA31*CB31*CD31,"") | CW35: =IF(BY31="triceps",CA31,"") | CX35: =IF(BY31="triceps",CA31*CB31*CD31,"") | CY35: =IF(BY31="quads",CA31,"") | CZ35: =IF(BY31="quads",CA31*CB31*CD31,"") | DA35: =IF(BY31="ischios",CA31,"") | DB35: =IF(BY31="ischios",CA31*CB31*CD31,"") | DC35: =IF(BY31="fessier",CA31,"") | DD35: =IF(BY31="fessier",CA31*CB31*CD31,"") | DE35: =IF(BY31="mollets",CA31,"") | DF35: =IF(BY31="mollets",CA31*CB31*CD31,"") | DH35: =DH26 | DI35: =DI26 | DJ35: =DJ26 | DK35: =DK26 | DL35: =DL26 | DM35: =DM17 | DN35: =IF(DH35="Squat",IF(DM35>10,MROUND((DM35/100*SQMAX),2.5)," "),IF(DH35="Bench",IF(DM35>10,MROUND((DM35/100*BNMAX),2.5)," "),IF(DH35="Deadlift",IF(DM35>10,MROUND((DM35/100*DLMAX),2.5)," ")," "))) | DP35: =IFERROR((DN35/VLOOKUP(DO35,'RPE vs. %'!$D$3:$P$11,DL35+1,FALSE)),"") | DT35: =IF(DH31="Squat",DK31,"") | DU35: =IF(DH31="Squat",DK31*DL31*DN31,"") | DV35: =IF(DH31="Bench",DK31,"") | DW35: =IF(DH31="Bench",DK31*DL31*DN31,"") | DX35: =IF(DH31="Deadlift",DK31,"") -> 3 | DY35: =IF(DH31="Deadlift",DK31*DL31*DN31,"") -> 1980 | DZ35: =IF(DI31="pecs",DK31,"") | EA35: =IF(DI31="pecs",DK31*DL31*DN31,"") | EB35: =IF(DI31="dos",DK31,"") | EC35: =IF(DI31="dos",DK31*DL31*DN31,"") | ED35: =IF(DI31="épaules",DK31,"") | EE35: =IF(DI31="épaules",DK31*DL31*DN31,"") | EF35: =IF(DI31="biceps",DK31,"") | EG35: =IF(DI31="biceps",DK31*DL31*DN31,"") | EH35: =IF(DI31="triceps",DK31,"") | EI35: =IF(DI31="triceps",DK31*DL31*DN31,"") | EJ35: =IF(DI31="quads",DK31,"") | EK35: =IF(DI31="quads",DK31*DL31*DN31,"") | EL35: =IF(DI31="ischios",DK31,"") | EM35: =IF(DI31="ischios",DK31*DL31*DN31,"") | EN35: =IF(DI31="fessier",DK31,"") | EO35: =IF(DI31="fessier",DK31*DL31*DN31,"") | EP35: =IF(DI31="mollets",DK31,"") | EQ35: =IF(DI31="mollets",DK31*DL31*DN31,"") | ER35: =IF(#REF!="Squat",#REF!,"") -> #REF! | ES35: =IF(#REF!="Squat",#REF!*#REF!*#REF!,"") -> #REF! | ET35: =IF(#REF!="Bench",#REF!,"") -> #REF! | EU35: =IF(#REF!="Bench",#REF!*#REF!*#REF!,"") -> #REF! | EV35: =IF(#REF!="Deadlift",#REF!,"") -> #REF! | EW35: =IF(#REF!="Deadlift",#REF!*#REF!*#REF!,"") -> #REF! | EX35: =IF(#REF!="pecs",#REF!,"") -> #REF! | EY35: =IF(#REF!="pecs",#REF!*#REF!*#REF!,"") -> #REF! | EZ35: =IF(#REF!="dos",#REF!,"") -> #REF! | FA35: =IF(#REF!="dos",#REF!*#REF!*#REF!,"") -> #REF! | FB35: =IF(#REF!="épaules",#REF!,"") -> #REF! | FC35: =IF(#REF!="épaules",#REF!*#REF!*#REF!,"") -> #REF! | FD35: =IF(#REF!="biceps",#REF!,"") -> #REF! | FE35: =IF(#REF!="biceps",#REF!*#REF!*#REF!,"") -> #REF! | FF35: =IF(#REF!="triceps",#REF!,"") -> #REF! | FG35: =IF(#REF!="triceps",#REF!*#REF!*#REF!,"") -> #REF! | FH35: =IF(#REF!="quads",#REF!,"") -> #REF! | FI35: =IF(#REF!="quads",#REF!*#REF!*#REF!,"") -> #REF! | FJ35: =IF(#REF!="ischios",#REF!,"") -> #REF! | FK35: =IF(#REF!="ischios",#REF!*#REF!*#REF!,"") -> #REF! | FL35: =IF(#REF!="fessier",#REF!,"") -> #REF! | FM35: =IF(#REF!="fessier",#REF!*#REF!*#REF!,"") -> #REF! | FN35: =IF(#REF!="mollets",#REF!,"") -> #REF! | FO35: =IF(#REF!="mollets",#REF!*#REF!*#REF!,"") -> #REF!
O36: =IF(D32="Squat",G32,"") | P36: =IF(D32="Squat",G32*H32*J32,"") | Q36: =IF(D32="Bench",G32,"") | R36: =IF(D32="Bench",G32*H32*J32,"") | S36: =IF(D32="Deadlift",G32,"") | T36: =IF(D32="Deadlift",G32*H32*J32,"") | U36: =IF(E32="pecs",G32,"") | V36: =IF(E32="pecs",G32*H32*J32,"") | W36: =IF(E32="dos",G32,"") | X36: =IF(E32="dos",G32*H32*J32,"") | Y36: =IF(E32="épaules",G32,"") | Z36: =IF(E32="épaules",G32*H32*J32,"") | AA36: =IF(E32="biceps",G32,"") | AB36: =IF(E32="biceps",G32*H32*J32,"") | AC36: =IF(E32="triceps",G32,"") | AD36: =IF(E32="triceps",G32*H32*J32,"") | AE36: =IF(E32="quads",G32,"") | AF36: =IF(E32="quads",G32*H32*J32,"") | AG36: =IF(E32="ischios",G32,"") | AH36: =IF(E32="ischios",G32*H32*J32,"") | AI36: =IF(E32="fessier",G32,"") | AJ36: =IF(E32="fessier",G32*H32*J32,"") | AK36: =IF(E32="mollets",G32,"") | AL36: =IF(E32="mollets",G32*H32*J32,"") | AY36: =IF(AN32="Squat",AQ32,"") | AZ36: =IF(AN32="Squat",AQ32*AR32*AT32,"") | BA36: =IF(AN32="Bench",AQ32,"") | BB36: =IF(AN32="Bench",AQ32*AR32*AT32,"") | BC36: =IF(AN32="Deadlift",AQ32,"") | BD36: =IF(AN32="Deadlift",AQ32*AR32*AT32,"") | BE36: =IF(AO32="pecs",AQ32,"") | BF36: =IF(AO32="pecs",AQ32*AR32*AT32,"") | BG36: =IF(AO32="dos",AQ32,"") | BH36: =IF(AO32="dos",AQ32*AR32*AT32,"") | BI36: =IF(AO32="épaules",AQ32,"") | BJ36: =IF(AO32="épaules",AQ32*AR32*AT32,"") | BK36: =IF(AO32="biceps",AQ32,"") | BL36: =IF(AO32="biceps",AQ32*AR32*AT32,"") | BM36: =IF(AO32="triceps",AQ32,"") | BN36: =IF(AO32="triceps",AQ32*AR32*AT32,"") | BO36: =IF(AO32="quads",AQ32,"") | BP36: =IF(AO32="quads",AQ32*AR32*AT32,"") | BQ36: =IF(AO32="ischios",AQ32,"") | BR36: =IF(AO32="ischios",AQ32*AR32*AT32,"") | BS36: =IF(AO32="fessier",AQ32,"") | BT36: =IF(AO32="fessier",AQ32*AR32*AT32,"") | BU36: =IF(AO32="mollets",AQ32,"") | BV36: =IF(AO32="mollets",AQ32*AR32*AT32,"") | CI36: =IF(BX32="Squat",CA32,"") | CJ36: =IF(BX32="Squat",CA32*CB32*CD32,"") | CK36: =IF(BX32="Bench",CA32,"") | CL36: =IF(BX32="Bench",CA32*CB32*CD32,"") | CM36: =IF(BX32="Deadlift",CA32,"") | CN36: =IF(BX32="Deadlift",CA32*CB32*CD32,"") | CO36: =IF(BY32="pecs",CA32,"") | CP36: =IF(BY32="pecs",CA32*CB32*CD32,"") | CQ36: =IF(BY32="dos",CA32,"") | CR36: =IF(BY32="dos",CA32*CB32*CD32,"") | CS36: =IF(BY32="épaules",CA32,"") | CT36: =IF(BY32="épaules",CA32*CB32*CD32,"") | CU36: =IF(BY32="biceps",CA32,"") | CV36: =IF(BY32="biceps",CA32*CB32*CD32,"") | CW36: =IF(BY32="triceps",CA32,"") | CX36: =IF(BY32="triceps",CA32*CB32*CD32,"") | CY36: =IF(BY32="quads",CA32,"") | CZ36: =IF(BY32="quads",CA32*CB32*CD32,"") | DA36: =IF(BY32="ischios",CA32,"") | DB36: =IF(BY32="ischios",CA32*CB32*CD32,"") | DC36: =IF(BY32="fessier",CA32,"") | DD36: =IF(BY32="fessier",CA32*CB32*CD32,"") | DE36: =IF(BY32="mollets",CA32,"") | DF36: =IF(BY32="mollets",CA32*CB32*CD32,"") | DT36: =IF(DH32="Squat",DK32,"") | DU36: =IF(DH32="Squat",DK32*DL32*DN32,"") | DV36: =IF(DH32="Bench",DK32,"") | DW36: =IF(DH32="Bench",DK32*DL32*DN32,"") | DX36: =IF(DH32="Deadlift",DK32,"") | DY36: =IF(DH32="Deadlift",DK32*DL32*DN32,"") | DZ36: =IF(DI32="pecs",DK32,"") | EA36: =IF(DI32="pecs",DK32*DL32*DN32,"") | EB36: =IF(DI32="dos",DK32,"") | EC36: =IF(DI32="dos",DK32*DL32*DN32,"") | ED36: =IF(DI32="épaules",DK32,"") | EE36: =IF(DI32="épaules",DK32*DL32*DN32,"") | EF36: =IF(DI32="biceps",DK32,"") | EG36: =IF(DI32="biceps",DK32*DL32*DN32,"") | EH36: =IF(DI32="triceps",DK32,"") | EI36: =IF(DI32="triceps",DK32*DL32*DN32,"") | EJ36: =IF(DI32="quads",DK32,"") | EK36: =IF(DI32="quads",DK32*DL32*DN32,"") | EL36: =IF(DI32="ischios",DK32,"") | EM36: =IF(DI32="ischios",DK32*DL32*DN32,"") | EN36: =IF(DI32="fessier",DK32,"") | EO36: =IF(DI32="fessier",DK32*DL32*DN32,"") | EP36: =IF(DI32="mollets",DK32,"") | EQ36: =IF(DI32="mollets",DK32*DL32*DN32,"") | ER36: =IF(#REF!="Squat",#REF!,"") -> #REF! | ES36: =IF(#REF!="Squat",#REF!*#REF!*#REF!,"") -> #REF! | ET36: =IF(#REF!="Bench",#REF!,"") -> #REF! | EU36: =IF(#REF!="Bench",#REF!*#REF!*#REF!,"") -> #REF! | EV36: =IF(#REF!="Deadlift",#REF!,"") -> #REF! | EW36: =IF(#REF!="Deadlift",#REF!*#REF!*#REF!,"") -> #REF! | EX36: =IF(#REF!="pecs",#REF!,"") -> #REF! | EY36: =IF(#REF!="pecs",#REF!*#REF!*#REF!,"") -> #REF! | EZ36: =IF(#REF!="dos",#REF!,"") -> #REF! | FA36: =IF(#REF!="dos",#REF!*#REF!*#REF!,"") -> #REF! | FB36: =IF(#REF!="épaules",#REF!,"") -> #REF! | FC36: =IF(#REF!="épaules",#REF!*#REF!*#REF!,"") -> #REF! | FD36: =IF(#REF!="biceps",#REF!,"") -> #REF! | FE36: =IF(#REF!="biceps",#REF!*#REF!*#REF!,"") -> #REF! | FF36: =IF(#REF!="triceps",#REF!,"") -> #REF! | FG36: =IF(#REF!="triceps",#REF!*#REF!*#REF!,"") -> #REF! | FH36: =IF(#REF!="quads",#REF!,"") -> #REF! | FI36: =IF(#REF!="quads",#REF!*#REF!*#REF!,"") -> #REF! | FJ36: =IF(#REF!="ischios",#REF!,"") -> #REF! | FK36: =IF(#REF!="ischios",#REF!*#REF!*#REF!,"") -> #REF! | FL36: =IF(#REF!="fessier",#REF!,"") -> #REF! | FM36: =IF(#REF!="fessier",#REF!*#REF!*#REF!,"") -> #REF! | FN36: =IF(#REF!="mollets",#REF!,"") -> #REF! | FO36: =IF(#REF!="mollets",#REF!*#REF!*#REF!,"") -> #REF!
D37: Type | E37: Muscle | F37: Exercices | G37: Sets | H37: Reps | I37: Intensité | J37: Charge | K37: RPE | L37: e1RM | M37: Notes | O37: =IF(D33="Squat",G33,"") | P37: =IF(D33="Squat",G33*H33*J33,"") | Q37: =IF(D33="Bench",G33,"") | R37: =IF(D33="Bench",G33*H33*J33,"") | S37: =IF(D33="Deadlift",G33,"") | T37: =IF(D33="Deadlift",G33*H33*J33,"") | U37: =IF(E33="pecs",G33,"") | V37: =IF(E33="pecs",G33*H33*J33,"") | W37: =IF(E33="dos",G33,"") | X37: =IF(E33="dos",G33*H33*J33,"") | Y37: =IF(E33="épaules",G33,"") | Z37: =IF(E33="épaules",G33*H33*J33,"") | AA37: =IF(E33="biceps",G33,"") | AB37: =IF(E33="biceps",G33*H33*J33,"") | AC37: =IF(E33="triceps",G33,"") | AD37: =IF(E33="triceps",G33*H33*J33,"") | AE37: =IF(E33="quads",G33,"") | AF37: =IF(E33="quads",G33*H33*J33,"") | AG37: =IF(E33="ischios",G33,"") | AH37: =IF(E33="ischios",G33*H33*J33,"") | AI37: =IF(E33="fessier",G33,"") | AJ37: =IF(E33="fessier",G33*H33*J33,"") | AK37: =IF(E33="mollets",G33,"") | AL37: =IF(E33="mollets",G33*H33*J33,"") | AN37: Type | AO37: Muscle | AP37: Exercices | AQ37: Sets | AR37: Reps | AS37: Intensité | AT37: Charge | AU37: RPE | AV37: e1RM | AW37: Notes | AY37: =IF(AN33="Squat",AQ33,"") | AZ37: =IF(AN33="Squat",AQ33*AR33*AT33,"") | BA37: =IF(AN33="Bench",AQ33,"") | BB37: =IF(AN33="Bench",AQ33*AR33*AT33,"") | BC37: =IF(AN33="Deadlift",AQ33,"") | BD37: =IF(AN33="Deadlift",AQ33*AR33*AT33,"") | BE37: =IF(AO33="pecs",AQ33,"") | BF37: =IF(AO33="pecs",AQ33*AR33*AT33,"") | BG37: =IF(AO33="dos",AQ33,"") | BH37: =IF(AO33="dos",AQ33*AR33*AT33,"") | BI37: =IF(AO33="épaules",AQ33,"") | BJ37: =IF(AO33="épaules",AQ33*AR33*AT33,"") | BK37: =IF(AO33="biceps",AQ33,"") | BL37: =IF(AO33="biceps",AQ33*AR33*AT33,"") | BM37: =IF(AO33="triceps",AQ33,"") | BN37: =IF(AO33="triceps",AQ33*AR33*AT33,"") | BO37: =IF(AO33="quads",AQ33,"") | BP37: =IF(AO33="quads",AQ33*AR33*AT33,"") | BQ37: =IF(AO33="ischios",AQ33,"") | BR37: =IF(AO33="ischios",AQ33*AR33*AT33,"") | BS37: =IF(AO33="fessier",AQ33,"") | BT37: =IF(AO33="fessier",AQ33*AR33*AT33,"") | BU37: =IF(AO33="mollets",AQ33,"") | BV37: =IF(AO33="mollets",AQ33*AR33*AT33,"") | BX37: Type | BY37: Muscle | BZ37: Exercices | CA37: Sets | CB37: Reps | CC37: Intensité | CD37: Charge | CE37: RPE | CF37: e1RM | CG37: Notes | CI37: =IF(BX33="Squat",CA33,"") | CJ37: =IF(BX33="Squat",CA33*CB33*CD33,"") | CK37: =IF(BX33="Bench",CA33,"") | CL37: =IF(BX33="Bench",CA33*CB33*CD33,"") | CM37: =IF(BX33="Deadlift",CA33,"") | CN37: =IF(BX33="Deadlift",CA33*CB33*CD33,"") | CO37: =IF(BY33="pecs",CA33,"") | CP37: =IF(BY33="pecs",CA33*CB33*CD33,"") | CQ37: =IF(BY33="dos",CA33,"") | CR37: =IF(BY33="dos",CA33*CB33*CD33,"") | CS37: =IF(BY33="épaules",CA33,"") | CT37: =IF(BY33="épaules",CA33*CB33*CD33,"") | CU37: =IF(BY33="biceps",CA33,"") | CV37: =IF(BY33="biceps",CA33*CB33*CD33,"") | CW37: =IF(BY33="triceps",CA33,"") | CX37: =IF(BY33="triceps",CA33*CB33*CD33,"") | CY37: =IF(BY33="quads",CA33,"") | CZ37: =IF(BY33="quads",CA33*CB33*CD33,"") | DA37: =IF(BY33="ischios",CA33,"") | DB37: =IF(BY33="ischios",CA33*CB33*CD33,"") | DC37: =IF(BY33="fessier",CA33,"") | DD37: =IF(BY33="fessier",CA33*CB33*CD33,"") | DE37: =IF(BY33="mollets",CA33,"") | DF37: =IF(BY33="mollets",CA33*CB33*CD33,"") | DH37: Type | DI37: Muscle | DJ37: Exercices | DK37: Sets | DL37: Reps | DM37: Intensité | DN37: Charge | DO37: RPE | DP37: e1RM | DQ37: Notes | DT37: =IF(DH33="Squat",DK33,"") | DU37: =IF(DH33="Squat",DK33*DL33*DN33,"") | DV37: =IF(DH33="Bench",DK33,"") | DW37: =IF(DH33="Bench",DK33*DL33*DN33,"") | DX37: =IF(DH33="Deadlift",DK33,"") | DY37: =IF(DH33="Deadlift",DK33*DL33*DN33,"") | DZ37: =IF(DI33="pecs",DK33,"") | EA37: =IF(DI33="pecs",DK33*DL33*DN33,"") | EB37: =IF(DI33="dos",DK33,"") | EC37: =IF(DI33="dos",DK33*DL33*DN33,"") | ED37: =IF(DI33="épaules",DK33,"") | EE37: =IF(DI33="épaules",DK33*DL33*DN33,"") | EF37: =IF(DI33="biceps",DK33,"") | EG37: =IF(DI33="biceps",DK33*DL33*DN33,"") | EH37: =IF(DI33="triceps",DK33,"") | EI37: =IF(DI33="triceps",DK33*DL33*DN33,"") | EJ37: =IF(DI33="quads",DK33,"") | EK37: =IF(DI33="quads",DK33*DL33*DN33,"") | EL37: =IF(DI33="ischios",DK33,"") | EM37: =IF(DI33="ischios",DK33*DL33*DN33,"") | EN37: =IF(DI33="fessier",DK33,"") | EO37: =IF(DI33="fessier",DK33*DL33*DN33,"") | EP37: =IF(DI33="mollets",DK33,"") | EQ37: =IF(DI33="mollets",DK33*DL33*DN33,"") | ER37: =IF(#REF!="Squat",#REF!,"") -> #REF! | ES37: =IF(#REF!="Squat",#REF!*#REF!*#REF!,"") -> #REF! | ET37: =IF(#REF!="Bench",#REF!,"") -> #REF! | EU37: =IF(#REF!="Bench",#REF!*#REF!*#REF!,"") -> #REF! | EV37: =IF(#REF!="Deadlift",#REF!,"") -> #REF! | EW37: =IF(#REF!="Deadlift",#REF!*#REF!*#REF!,"") -> #REF! | EX37: =IF(#REF!="pecs",#REF!,"") -> #REF! | EY37: =IF(#REF!="pecs",#REF!*#REF!*#REF!,"") -> #REF! | EZ37: =IF(#REF!="dos",#REF!,"") -> #REF! | FA37: =IF(#REF!="dos",#REF!*#REF!*#REF!,"") -> #REF! | FB37: =IF(#REF!="épaules",#REF!,"") -> #REF! | FC37: =IF(#REF!="épaules",#REF!*#REF!*#REF!,"") -> #REF! | FD37: =IF(#REF!="biceps",#REF!,"") -> #REF! | FE37: =IF(#REF!="biceps",#REF!*#REF!*#REF!,"") -> #REF! | FF37: =IF(#REF!="triceps",#REF!,"") -> #REF! | FG37: =IF(#REF!="triceps",#REF!*#REF!*#REF!,"") -> #REF! | FH37: =IF(#REF!="quads",#REF!,"") -> #REF! | FI37: =IF(#REF!="quads",#REF!*#REF!*#REF!,"") -> #REF! | FJ37: =IF(#REF!="ischios",#REF!,"") -> #REF! | FK37: =IF(#REF!="ischios",#REF!*#REF!*#REF!,"") -> #REF! | FL37: =IF(#REF!="fessier",#REF!,"") -> #REF! | FM37: =IF(#REF!="fessier",#REF!*#REF!*#REF!,"") -> #REF! | FN37: =IF(#REF!="mollets",#REF!,"") -> #REF! | FO37: =IF(#REF!="mollets",#REF!*#REF!*#REF!,"") -> #REF!
B38: Semaine 4 | D38: =D29 -> Squat | E38: =E29 | F38: =F29 -> Squat 4/1/0 | G38: =G29 -> 2 | H38: =H29 -> 5 | I38: 76 | J38: =IF(D38="Squat",IF(I38>10,MROUND((I38/100*SQMAX),2.5)," "),IF(D38="Bench",IF(I38>10,MROUND((I38/100*BNMAX),2.5)," "),IF(D38="Deadlift",IF(I38>10,MROUND((I38/100*DLMAX),2.5)," ")," "))) -> 152.5 | L38: =IFERROR((J38/VLOOKUP(K38,'RPE vs. %'!$D$3:$P$11,H38+1,FALSE)),"") | M38: Indiquer votre forme du jour, vos observations, blessures, ... | O38: =IF(D34="Squat",G34,"") | P38: =IF(D34="Squat",G34*H34*J34,"") | Q38: =IF(D34="Bench",G34,"") | R38: =IF(D34="Bench",G34*H34*J34,"") | S38: =IF(D34="Deadlift",G34,"") | T38: =IF(D34="Deadlift",G34*H34*J34,"") | U38: =IF(E34="pecs",G34,"") | V38: =IF(E34="pecs",G34*H34*J34,"") | W38: =IF(E34="dos",G34,"") | X38: =IF(E34="dos",G34*H34*J34,"") | Y38: =IF(E34="épaules",G34,"") | Z38: =IF(E34="épaules",G34*H34*J34,"") | AA38: =IF(E34="biceps",G34,"") | AB38: =IF(E34="biceps",G34*H34*J34,"") | AC38: =IF(E34="triceps",G34,"") | AD38: =IF(E34="triceps",G34*H34*J34,"") | AE38: =IF(E34="quads",G34,"") | AF38: =IF(E34="quads",G34*H34*J34,"") | AG38: =IF(E34="ischios",G34,"") | AH38: =IF(E34="ischios",G34*H34*J34,"") | AI38: =IF(E34="fessier",G34,"") | AJ38: =IF(E34="fessier",G34*H34*J34,"") | AK38: =IF(E34="mollets",G34,"") | AL38: =IF(E34="mollets",G34*H34*J34,"") | AN38: =AN29 -> Deadlift | AO38: =AO29 | AP38: =AP29 -> Deadlift | AQ38: =AQ29 -> 3 | AR38: =AR29 -> 3 | AS38: =AS29+3 -> 89 | AT38: =IF(AN38="Squat",IF(AS38>10,MROUND((AS38/100*SQMAX),2.5)," "),IF(AN38="Bench",IF(AS38>10,MROUND((AS38/100*BNMAX),2.5)," "),IF(AN38="Deadlift",IF(AS38>10,MROUND((AS38/100*DLMAX),2.5)," ")," "))) -> 222.5 | AV38: =IFERROR((AT38/VLOOKUP(AU38,'RPE vs. %'!$D$3:$P$11,AR38+1,FALSE)),"") | AW38: Indiquer votre forme du jour, vos observations, blessures, ... | AY38: =IF(AN34="Squat",AQ34,"") | AZ38: =IF(AN34="Squat",AQ34*AR34*AT34,"") | BA38: =IF(AN34="Bench",AQ34,"") | BB38: =IF(AN34="Bench",AQ34*AR34*AT34,"") | BC38: =IF(AN34="Deadlift",AQ34,"") | BD38: =IF(AN34="Deadlift",AQ34*AR34*AT34,"") | BE38: =IF(AO34="pecs",AQ34,"") | BF38: =IF(AO34="pecs",AQ34*AR34*AT34,"") | BG38: =IF(AO34="dos",AQ34,"") | BH38: =IF(AO34="dos",AQ34*AR34*AT34,"") | BI38: =IF(AO34="épaules",AQ34,"") | BJ38: =IF(AO34="épaules",AQ34*AR34*AT34,"") | BK38: =IF(AO34="biceps",AQ34,"") | BL38: =IF(AO34="biceps",AQ34*AR34*AT34,"") | BM38: =IF(AO34="triceps",AQ34,"") | BN38: =IF(AO34="triceps",AQ34*AR34*AT34,"") | BO38: =IF(AO34="quads",AQ34,"") | BP38: =IF(AO34="quads",AQ34*AR34*AT34,"") | BQ38: =IF(AO34="ischios",AQ34,"") | BR38: =IF(AO34="ischios",AQ34*AR34*AT34,"") | BS38: =IF(AO34="fessier",AQ34,"") | BT38: =IF(AO34="fessier",AQ34*AR34*AT34,"") | BU38: =IF(AO34="mollets",AQ34,"") | BV38: =IF(AO34="mollets",AQ34*AR34*AT34,"") | BX38: =BX29 -> Squat | BY38: =BY29 | BZ38: =BZ29 -> Squat pause | CA38: =CA29 -> 3 | CB38: =CB29 -> 5 | CC38: =CC29+4 -> 76 | CD38: =IF(BX38="Squat",IF(CC38>10,MROUND((CC38/100*SQMAX),2.5)," "),IF(BX38="Bench",IF(CC38>10,MROUND((CC38/100*BNMAX),2.5)," "),IF(BX38="Deadlift",IF(CC38>10,MROUND((CC38/100*DLMAX),2.5)," ")," "))) -> 152.5 | CF38: =IFERROR((CD38/VLOOKUP(CE38,'RPE vs. %'!$D$3:$P$11,CB38+1,FALSE)),"") | CG38: Indiquer votre forme du jour, vos observations, blessures, ... | CI38: =IF(BX34="Squat",CA34,"") | CJ38: =IF(BX34="Squat",CA34*CB34*CD34,"") | CK38: =IF(BX34="Bench",CA34,"") | CL38: =IF(BX34="Bench",CA34*CB34*CD34,"") | CM38: =IF(BX34="Deadlift",CA34,"") | CN38: =IF(BX34="Deadlift",CA34*CB34*CD34,"") | CO38: =IF(BY34="pecs",CA34,"") | CP38: =IF(BY34="pecs",CA34*CB34*CD34,"") | CQ38: =IF(BY34="dos",CA34,"") | CR38: =IF(BY34="dos",CA34*CB34*CD34,"") | CS38: =IF(BY34="épaules",CA34,"") | CT38: =IF(BY34="épaules",CA34*CB34*CD34,"") | CU38: =IF(BY34="biceps",CA34,"") | CV38: =IF(BY34="biceps",CA34*CB34*CD34,"") | CW38: =IF(BY34="triceps",CA34,"") | CX38: =IF(BY34="triceps",CA34*CB34*CD34,"") | CY38: =IF(BY34="quads",CA34,"") | CZ38: =IF(BY34="quads",CA34*CB34*CD34,"") | DA38: =IF(BY34="ischios",CA34,"") | DB38: =IF(BY34="ischios",CA34*CB34*CD34,"") | DC38: =IF(BY34="fessier",CA34,"") | DD38: =IF(BY34="fessier",CA34*CB34*CD34,"") | DE38: =IF(BY34="mollets",CA34,"") | DF38: =IF(BY34="mollets",CA34*CB34*CD34,"") | DH38: =DH29 -> Squat | DI38: =DI29 | DJ38: =DJ29 -> Squat | DK38: =DK29 -> 3 | DL38: =DL29 -> 3 | DM38: =DM29+3 -> 91 | DN38: =IF(DH38="Squat",IF(DM38>10,MROUND((DM38/100*SQMAX),2.5)," "),IF(DH38="Bench",IF(DM38>10,MROUND((DM38/100*BNMAX),2.5)," "),IF(DH38="Deadlift",IF(DM38>10,MROUND((DM38/100*DLMAX),2.5)," ")," "))) -> 182.5 | DP38: =IFERROR((DN38/VLOOKUP(DO38,'RPE vs. %'!$D$3:$P$11,DL38+1,FALSE)),"") | DQ38: Indiquer votre forme du jour, vos observations, blessures, ... | DT38: =IF(DH34="Squat",DK34,"") | DU38: =IF(DH34="Squat",DK34*DL34*DN34,"") | DV38: =IF(DH34="Bench",DK34,"") | DW38: =IF(DH34="Bench",DK34*DL34*DN34,"") | DX38: =IF(DH34="Deadlift",DK34,"") | DY38: =IF(DH34="Deadlift",DK34*DL34*DN34,"") | DZ38: =IF(DI34="pecs",DK34,"") | EA38: =IF(DI34="pecs",DK34*DL34*DN34,"") | EB38: =IF(DI34="dos",DK34,"") | EC38: =IF(DI34="dos",DK34*DL34*DN34,"") | ED38: =IF(DI34="épaules",DK34,"") | EE38: =IF(DI34="épaules",DK34*DL34*DN34,"") | EF38: =IF(DI34="biceps",DK34,"") | EG38: =IF(DI34="biceps",DK34*DL34*DN34,"") | EH38: =IF(DI34="triceps",DK34,"") | EI38: =IF(DI34="triceps",DK34*DL34*DN34,"") | EJ38: =IF(DI34="quads",DK34,"") | EK38: =IF(DI34="quads",DK34*DL34*DN34,"") | EL38: =IF(DI34="ischios",DK34,"") | EM38: =IF(DI34="ischios",DK34*DL34*DN34,"") | EN38: =IF(DI34="fessier",DK34,"") | EO38: =IF(DI34="fessier",DK34*DL34*DN34,"") | EP38: =IF(DI34="mollets",DK34,"") | EQ38: =IF(DI34="mollets",DK34*DL34*DN34,"") | ER38: =IF(#REF!="Squat",#REF!,"") -> #REF! | ES38: =IF(#REF!="Squat",#REF!*#REF!*#REF!,"") -> #REF! | ET38: =IF(#REF!="Bench",#REF!,"") -> #REF! | EU38: =IF(#REF!="Bench",#REF!*#REF!*#REF!,"") -> #REF! | EV38: =IF(#REF!="Deadlift",#REF!,"") -> #REF! | EW38: =IF(#REF!="Deadlift",#REF!*#REF!*#REF!,"") -> #REF! | EX38: =IF(#REF!="pecs",#REF!,"") -> #REF! | EY38: =IF(#REF!="pecs",#REF!*#REF!*#REF!,"") -> #REF! | EZ38: =IF(#REF!="dos",#REF!,"") -> #REF! | FA38: =IF(#REF!="dos",#REF!*#REF!*#REF!,"") -> #REF! | FB38: =IF(#REF!="épaules",#REF!,"") -> #REF! | FC38: =IF(#REF!="épaules",#REF!*#REF!*#REF!,"") -> #REF! | FD38: =IF(#REF!="biceps",#REF!,"") -> #REF! | FE38: =IF(#REF!="biceps",#REF!*#REF!*#REF!,"") -> #REF! | FF38: =IF(#REF!="triceps",#REF!,"") -> #REF! | FG38: =IF(#REF!="triceps",#REF!*#REF!*#REF!,"") -> #REF! | FH38: =IF(#REF!="quads",#REF!,"") -> #REF! | FI38: =IF(#REF!="quads",#REF!*#REF!*#REF!,"") -> #REF! | FJ38: =IF(#REF!="ischios",#REF!,"") -> #REF! | FK38: =IF(#REF!="ischios",#REF!*#REF!*#REF!,"") -> #REF! | FL38: =IF(#REF!="fessier",#REF!,"") -> #REF! | FM38: =IF(#REF!="fessier",#REF!*#REF!*#REF!,"") -> #REF! | FN38: =IF(#REF!="mollets",#REF!,"") -> #REF! | FO38: =IF(#REF!="mollets",#REF!*#REF!*#REF!,"") -> #REF!
D39: =D30 -> Squat | E39: =E30 | F39: =F30 -> Squat | G39: =G30 -> 1 | H39: =H30 -> 5 | I39: =I30+3 -> 81 | J39: =IF(D39="Squat",IF(I39>10,MROUND((I39/100*SQMAX),2.5)," "),IF(D39="Bench",IF(I39>10,MROUND((I39/100*BNMAX),2.5)," "),IF(D39="Deadlift",IF(I39>10,MROUND((I39/100*DLMAX),2.5)," ")," "))) -> 162.5 | L39: =IFERROR((J39/VLOOKUP(K39,'RPE vs. %'!$D$3:$P$11,H39+1,FALSE)),"") | O39: =IF(D35="Squat",G35,"") | P39: =IF(D35="Squat",G35*H35*J35,"") | Q39: =IF(D35="Bench",G35,"") | R39: =IF(D35="Bench",G35*H35*J35,"") | S39: =IF(D35="Deadlift",G35,"") | T39: =IF(D35="Deadlift",G35*H35*J35,"") | U39: =IF(E35="pecs",G35,"") | V39: =IF(E35="pecs",G35*H35*J35,"") | W39: =IF(E35="dos",G35,"") | X39: =IF(E35="dos",G35*H35*J35,"") | Y39: =IF(E35="épaules",G35,"") | Z39: =IF(E35="épaules",G35*H35*J35,"") | AA39: =IF(E35="biceps",G35,"") | AB39: =IF(E35="biceps",G35*H35*J35,"") | AC39: =IF(E35="triceps",G35,"") | AD39: =IF(E35="triceps",G35*H35*J35,"") | AE39: =IF(E35="quads",G35,"") | AF39: =IF(E35="quads",G35*H35*J35,"") | AG39: =IF(E35="ischios",G35,"") | AH39: =IF(E35="ischios",G35*H35*J35,"") | AI39: =IF(E35="fessier",G35,"") | AJ39: =IF(E35="fessier",G35*H35*J35,"") | AK39: =IF(E35="mollets",G35,"") | AL39: =IF(E35="mollets",G35*H35*J35,"") | AN39: =AN30 -> Deadlift | AO39: =AO30 | AP39: =AP30 -> Deadlift pause | AQ39: =AQ30 -> 2 | AR39: =AR30 -> 5 | AS39: =AS30+3 -> 69 | AT39: =IF(AN39="Squat",IF(AS39>10,MROUND((AS39/100*SQMAX),2.5)," "),IF(AN39="Bench",IF(AS39>10,MROUND((AS39/100*BNMAX),2.5)," "),IF(AN39="Deadlift",IF(AS39>10,MROUND((AS39/100*DLMAX),2.5)," ")," "))) -> 172.5 | AV39: =IFERROR((AT39/VLOOKUP(AU39,'RPE vs. %'!$D$3:$P$11,AR39+1,FALSE)),"") | AY39: =IF(AN35="Squat",AQ35,"") | AZ39: =IF(AN35="Squat",AQ35*AR35*AT35,"") | BA39: =IF(AN35="Bench",AQ35,"") | BB39: =IF(AN35="Bench",AQ35*AR35*AT35,"") | BC39: =IF(AN35="Deadlift",AQ35,"") | BD39: =IF(AN35="Deadlift",AQ35*AR35*AT35,"") | BE39: =IF(AO35="pecs",AQ35,"") | BF39: =IF(AO35="pecs",AQ35*AR35*AT35,"") | BG39: =IF(AO35="dos",AQ35,"") | BH39: =IF(AO35="dos",AQ35*AR35*AT35,"") | BI39: =IF(AO35="épaules",AQ35,"") | BJ39: =IF(AO35="épaules",AQ35*AR35*AT35,"") | BK39: =IF(AO35="biceps",AQ35,"") | BL39: =IF(AO35="biceps",AQ35*AR35*AT35,"") | BM39: =IF(AO35="triceps",AQ35,"") | BN39: =IF(AO35="triceps",AQ35*AR35*AT35,"") | BO39: =IF(AO35="quads",AQ35,"") | BP39: =IF(AO35="quads",AQ35*AR35*AT35,"") | BQ39: =IF(AO35="ischios",AQ35,"") | BR39: =IF(AO35="ischios",AQ35*AR35*AT35,"") | BS39: =IF(AO35="fessier",AQ35,"") | BT39: =IF(AO35="fessier",AQ35*AR35*AT35,"") | BU39: =IF(AO35="mollets",AQ35,"") | BV39: =IF(AO35="mollets",AQ35*AR35*AT35,"") | BX39: =BX30 -> Bench | BY39: =BY30 | BZ39: =BZ30 -> Bench | CA39: =CA30 -> 4 | CB39: =CB30 -> 2 | CC39: 96 | CD39: =IF(BX39="Squat",IF(CC39>10,MROUND((CC39/100*SQMAX),2.5)," "),IF(BX39="Bench",IF(CC39>10,MROUND((CC39/100*BNMAX),2.5)," "),IF(BX39="Deadlift",IF(CC39>10,MROUND((CC39/100*DLMAX),2.5)," ")," "))) -> 135 | CF39: =IFERROR((CD39/VLOOKUP(CE39,'RPE vs. %'!$D$3:$P$11,CB39+1,FALSE)),"") | CI39: =IF(BX35="Squat",CA35,"") | CJ39: =IF(BX35="Squat",CA35*CB35*CD35,"") | CK39: =IF(BX35="Bench",CA35,"") | CL39: =IF(BX35="Bench",CA35*CB35*CD35,"") | CM39: =IF(BX35="Deadlift",CA35,"") | CN39: =IF(BX35="Deadlift",CA35*CB35*CD35,"") | CO39: =IF(BY35="pecs",CA35,"") | CP39: =IF(BY35="pecs",CA35*CB35*CD35,"") | CQ39: =IF(BY35="dos",CA35,"") | CR39: =IF(BY35="dos",CA35*CB35*CD35,"") | CS39: =IF(BY35="épaules",CA35,"") | CT39: =IF(BY35="épaules",CA35*CB35*CD35,"") | CU39: =IF(BY35="biceps",CA35,"") | CV39: =IF(BY35="biceps",CA35*CB35*CD35,"") | CW39: =IF(BY35="triceps",CA35,"") | CX39: =IF(BY35="triceps",CA35*CB35*CD35,"") | CY39: =IF(BY35="quads",CA35,"") | CZ39: =IF(BY35="quads",CA35*CB35*CD35,"") | DA39: =IF(BY35="ischios",CA35,"") | DB39: =IF(BY35="ischios",CA35*CB35*CD35,"") | DC39: =IF(BY35="fessier",CA35,"") | DD39: =IF(BY35="fessier",CA35*CB35*CD35,"") | DE39: =IF(BY35="mollets",CA35,"") | DF39: =IF(BY35="mollets",CA35*CB35*CD35,"") | DH39: =DH30 -> Bench | DI39: =DI30 | DJ39: =DJ30 -> Bench | DK39: =DK30 -> 3 | DL39: =DL30 -> 3 | DM39: =DM30+3 -> 91 | DN39: =IF(DH39="Squat",IF(DM39>10,MROUND((DM39/100*SQMAX),2.5)," "),IF(DH39="Bench",IF(DM39>10,MROUND((DM39/100*BNMAX),2.5)," "),IF(DH39="Deadlift",IF(DM39>10,MROUND((DM39/100*DLMAX),2.5)," ")," "))) -> 127.5 | DP39: =IFERROR((DN39/VLOOKUP(DO39,'RPE vs. %'!$D$3:$P$11,DL39+1,FALSE)),"") | DT39: =IF(DH35="Squat",DK35,"") | DU39: =IF(DH35="Squat",DK35*DL35*DN35,"") | DV39: =IF(DH35="Bench",DK35,"") | DW39: =IF(DH35="Bench",DK35*DL35*DN35,"") | DX39: =IF(DH35="Deadlift",DK35,"") | DY39: =IF(DH35="Deadlift",DK35*DL35*DN35,"") | DZ39: =IF(DI35="pecs",DK35,"") | EA39: =IF(DI35="pecs",DK35*DL35*DN35,"") | EB39: =IF(DI35="dos",DK35,"") | EC39: =IF(DI35="dos",DK35*DL35*DN35,"") | ED39: =IF(DI35="épaules",DK35,"") | EE39: =IF(DI35="épaules",DK35*DL35*DN35,"") | EF39: =IF(DI35="biceps",DK35,"") | EG39: =IF(DI35="biceps",DK35*DL35*DN35,"") | EH39: =IF(DI35="triceps",DK35,"") | EI39: =IF(DI35="triceps",DK35*DL35*DN35,"") | EJ39: =IF(DI35="quads",DK35,"") | EK39: =IF(DI35="quads",DK35*DL35*DN35,"") | EL39: =IF(DI35="ischios",DK35,"") | EM39: =IF(DI35="ischios",DK35*DL35*DN35,"") | EN39: =IF(DI35="fessier",DK35,"") | EO39: =IF(DI35="fessier",DK35*DL35*DN35,"") | EP39: =IF(DI35="mollets",DK35,"") | EQ39: =IF(DI35="mollets",DK35*DL35*DN35,"") | ER39: =IF(#REF!="Squat",#REF!,"") -> #REF! | ES39: =IF(#REF!="Squat",#REF!*#REF!*#REF!,"") -> #REF! | ET39: =IF(#REF!="Bench",#REF!,"") -> #REF! | EU39: =IF(#REF!="Bench",#REF!*#REF!*#REF!,"") -> #REF! | EV39: =IF(#REF!="Deadlift",#REF!,"") -> #REF! | EW39: =IF(#REF!="Deadlift",#REF!*#REF!*#REF!,"") -> #REF! | EX39: =IF(#REF!="pecs",#REF!,"") -> #REF! | EY39: =IF(#REF!="pecs",#REF!*#REF!*#REF!,"") -> #REF! | EZ39: =IF(#REF!="dos",#REF!,"") -> #REF! | FA39: =IF(#REF!="dos",#REF!*#REF!*#REF!,"") -> #REF! | FB39: =IF(#REF!="épaules",#REF!,"") -> #REF! | FC39: =IF(#REF!="épaules",#REF!*#REF!*#REF!,"") -> #REF! | FD39: =IF(#REF!="biceps",#REF!,"") -> #REF! | FE39: =IF(#REF!="biceps",#REF!*#REF!*#REF!,"") -> #REF! | FF39: =IF(#REF!="triceps",#REF!,"") -> #REF! | FG39: =IF(#REF!="triceps",#REF!*#REF!*#REF!,"") -> #REF! | FH39: =IF(#REF!="quads",#REF!,"") -> #REF! | FI39: =IF(#REF!="quads",#REF!*#REF!*#REF!,"") -> #REF! | FJ39: =IF(#REF!="ischios",#REF!,"") -> #REF! | FK39: =IF(#REF!="ischios",#REF!*#REF!*#REF!,"") -> #REF! | FL39: =IF(#REF!="fessier",#REF!,"") -> #REF! | FM39: =IF(#REF!="fessier",#REF!*#REF!*#REF!,"") -> #REF! | FN39: =IF(#REF!="mollets",#REF!,"") -> #REF! | FO39: =IF(#REF!="mollets",#REF!*#REF!*#REF!,"") -> #REF!
D40: =D31 -> Bench | E40: =E31 | F40: =F31 -> Bench | G40: =G31 -> 3 | H40: =H31 -> 8 | I40: =I31+3 -> 79 | J40: =IF(D40="Squat",IF(I40>10,MROUND((I40/100*SQMAX),2.5)," "),IF(D40="Bench",IF(I40>10,MROUND((I40/100*BNMAX),2.5)," "),IF(D40="Deadlift",IF(I40>10,MROUND((I40/100*DLMAX),2.5)," ")," "))) -> 110 | L40: =IFERROR((J40/VLOOKUP(K40,'RPE vs. %'!$D$3:$P$11,H40+1,FALSE)),"") | O40: =SUM(O33:O39) -> 3 | P40: =SUM(P33:P39) -> 2225 | Q40: =SUM(Q33:Q39) -> 3 | R40: =SUM(R33:R39) -> 2580 | S40: =SUM(S33:S39) -> 0 | T40: =SUM(T33:T39) -> 0 | U40: =SUM(U33:U39) -> 0 | V40: =SUM(V33:V39) -> 0 | ... AL40: =SUM(AL33:AL39) -> 0 | AN40: =AN31 -> Bench | AO40: =AO31 | AP40: =AP31 -> Bench larsen | AQ40: =AQ31 -> 3 | AR40: =AR31 -> 5 | AS40: =AS31+3 -> 73 | AT40: =IF(AN40="Squat",IF(AS40>10,MROUND((AS40/100*SQMAX),2.5)," "),IF(AN40="Bench",IF(AS40>10,MROUND((AS40/100*BNMAX),2.5)," "),IF(AN40="Deadlift",IF(AS40>10,MROUND((AS40/100*DLMAX),2.5)," ")," "))) -> 102.5 | AV40: =IFERROR((AT40/VLOOKUP(AU40,'RPE vs. %'!$D$3:$P$11,AR40+1,FALSE)),"") | AY40: =SUM(AY33:AY39) -> 0 | AZ40: =SUM(AZ33:AZ39) -> 0 | BA40: =SUM(BA33:BA39) -> 3 | BB40: =SUM(BB33:BB39) -> 1462.5 | BC40: =SUM(BC33:BC39) -> 5 | BD40: =SUM(BD33:BD39) -> 3585 | BE40: =SUM(BE33:BE39) -> 0 | BF40: =SUM(BF33:BF39) -> 0 | ... BV40: =SUM(BV33:BV39) -> 0 | BX40: =BX31 -> Bench | BY40: =BY31 | BZ40: =BZ31 -> bench fatigued single | CA40: =CA31 -> 2 | CB40: =CB31 -> 1 | CC40: 104 | CD40: =IF(BX40="Squat",IF(CC40>10,MROUND((CC40/100*SQMAX),2.5)," "),IF(BX40="Bench",IF(CC40>10,MROUND((CC40/100*BNMAX),2.5)," "),IF(BX40="Deadlift",IF(CC40>10,MROUND((CC40/100*DLMAX),2.5)," ")," "))) -> 145 | CF40: =IFERROR((CD40/VLOOKUP(CE40,'RPE vs. %'!$D$3:$P$11,CB40+1,FALSE)),"") | CI40: =SUM(CI33:CI39) -> 3 | CJ40: =SUM(CJ33:CJ39) -> 2175 | CK40: =SUM(CK33:CK39) -> 6 | CL40: =SUM(CL33:CL39) -> 1325 | CM40: =SUM(CM33:CM39) -> 0 | CN40: =SUM(CN33:CN39) -> 0 | CO40: =SUM(CO33:CO39) -> 0 | CP40: =SUM(CP33:CP39) -> 0 | ... DF40: =SUM(DF33:DF39) -> 0 | DH40: =DH31 -> Deadlift | DI40: =DI31 | DJ40: =DJ31 -> Deadlift | DK40: =DK31 -> 3 | DL40: =DL31 -> 3 | DM40: =DM31+3 -> 91 | DN40: =IF(DH40="Squat",IF(DM40>10,MROUND((DM40/100*SQMAX),2.5)," "),IF(DH40="Bench",IF(DM40>10,MROUND((DM40/100*BNMAX),2.5)," "),IF(DH40="Deadlift",IF(DM40>10,MROUND((DM40/100*DLMAX),2.5)," ")," "))) -> 227.5 | DP40: =IFERROR((DN40/VLOOKUP(DO40,'RPE vs. %'!$D$3:$P$11,DL40+1,FALSE)),"") | DT40: =SUM(DT33:DT39) -> 3 | DU40: =SUM(DU33:DU39) -> 1575 | DV40: =SUM(DV33:DV39) -> 3 | DW40: =SUM(DW33:DW39) -> 1102.5 | DX40: =SUM(DX33:DX39) -> 3 | DY40: =SUM(DY33:DY39) -> 1980 | DZ40: =SUM(DZ33:DZ39) -> 0 | EA40: =SUM(EA33:EA39) -> 0 | ... FO40: =SUM(FO33:FO39) -> #REF!
D41: =D32 -> Renfo | E41: =E32 | F41: =F32 -> Hack squat | G41: =G32 -> 2 | H41: =H32 -> 45938 | I41: =I14 | J41: =IF(D41="Squat",IF(I41>10,MROUND((I41/100*SQMAX),2.5)," "),IF(D41="Bench",IF(I41>10,MROUND((I41/100*BNMAX),2.5)," "),IF(D41="Deadlift",IF(I41>10,MROUND((I41/100*DLMAX),2.5)," ")," "))) | L41: =IFERROR((J41/VLOOKUP(K41,'RPE vs. %'!$D$3:$P$11,H41+1,FALSE)),"") | O41: VOLUME S4J1 | AN41: =AN32 -> Renfo | AO41: =AO32 | AP41: =AP32 -> Rdl uni | AQ41: =AQ32 -> 3 | AR41: =AR32 -> 8 | AS41: =AS14 | AT41: =IF(AN41="Squat",IF(AS41>10,MROUND((AS41/100*SQMAX),2.5)," "),IF(AN41="Bench",IF(AS41>10,MROUND((AS41/100*BNMAX),2.5)," "),IF(AN41="Deadlift",IF(AS41>10,MROUND((AS41/100*DLMAX),2.5)," ")," "))) | AV41: =IFERROR((AT41/VLOOKUP(AU41,'RPE vs. %'!$D$3:$P$11,AR41+1,FALSE)),"") | AY41: VOLUME S4J1 | BX41: =BX32 -> Renfo | BY41: =BY32 | BZ41: =BZ32 -> chest press | CA41: =CA32 -> 3 | CB41: =CB32 -> 12 | CC41: =CC14 | CD41: =IF(BX41="Squat",IF(CC41>10,MROUND((CC41/100*SQMAX),2.5)," "),IF(BX41="Bench",IF(CC41>10,MROUND((CC41/100*BNMAX),2.5)," "),IF(BX41="Deadlift",IF(CC41>10,MROUND((CC41/100*DLMAX),2.5)," ")," "))) | CF41: =IFERROR((CD41/VLOOKUP(CE41,'RPE vs. %'!$D$3:$P$11,CB41+1,FALSE)),"") | CI41: VOLUME S4J1 | DH41: =DH32 -> Renfo | DI41: =DI32 | DJ41: =DJ32 -> Back extension | DK41: =DK32 -> 5 | DL41: =DL32 -> 12 | DM41: =DM14 | DN41: =IF(DH41="Squat",IF(DM41>10,MROUND((DM41/100*SQMAX),2.5)," "),IF(DH41="Bench",IF(DM41>10,MROUND((DM41/100*BNMAX),2.5)," "),IF(DH41="Deadlift",IF(DM41>10,MROUND((DM41/100*DLMAX),2.5)," ")," "))) | DP41: =IFERROR((DN41/VLOOKUP(DO41,'RPE vs. %'!$D$3:$P$11,DL41+1,FALSE)),"") | DT41: VOLUME S4J1 | ER41: VOLUME S4J1
D42: =D33 -> Renfo | E42: =E33 | F42: =F33 -> développer militaire | G42: =G33 -> 2 | H42: =H33 -> 8 | I42: =I15 | J42: =IF(D42="Squat",IF(I42>10,MROUND((I42/100*SQMAX),2.5)," "),IF(D42="Bench",IF(I42>10,MROUND((I42/100*BNMAX),2.5)," "),IF(D42="Deadlift",IF(I42>10,MROUND((I42/100*DLMAX),2.5)," ")," "))) | L42: =IFERROR((J42/VLOOKUP(K42,'RPE vs. %'!$D$3:$P$11,H42+1,FALSE)),"") | O42: squat | Q42: bench | S42: deadlift | U42: pecs | W42: dos | Y42: épaules | AA42: biceps | AC42: triceps | AE42: quads | AG42: ischios | AI42: fessier | AK42: mollets | AN42: =AN33 -> Renfo | AO42: =AO33 | AP42: =AP33 -> Back extension | AQ42: =AQ33 -> 5 | AR42: =AR33 -> 12 | AS42: =AS15 | AT42: =IF(AN42="Squat",IF(AS42>10,MROUND((AS42/100*SQMAX),2.5)," "),IF(AN42="Bench",IF(AS42>10,MROUND((AS42/100*BNMAX),2.5)," "),IF(AN42="Deadlift",IF(AS42>10,MROUND((AS42/100*DLMAX),2.5)," ")," "))) | AV42: =IFERROR((AT42/VLOOKUP(AU42,'RPE vs. %'!$D$3:$P$11,AR42+1,FALSE)),"") | AY42: squat | BA42: bench | BC42: deadlift | BE42: pecs | BG42: dos | BI42: épaules | BK42: biceps | BM42: triceps | BO42: quads | BQ42: ischios | BS42: fessier | BU42: mollets | BX42: =BX33 -> Renfo | BY42: =BY33 | BZ42: =BZ33 -> Incliné haltère | CA42: =CA33 -> 3 | CB42: =CB33 -> 8 | CC42: =CC15 | CD42: =IF(BX42="Squat",IF(CC42>10,MROUND((CC42/100*SQMAX),2.5)," "),IF(BX42="Bench",IF(CC42>10,MROUND((CC42/100*BNMAX),2.5)," "),IF(BX42="Deadlift",IF(CC42>10,MROUND((CC42/100*DLMAX),2.5)," ")," "))) | CF42: =IFERROR((CD42/VLOOKUP(CE42,'RPE vs. %'!$D$3:$P$11,CB42+1,FALSE)),"") | CI42: squat | CK42: bench | CM42: deadlift | CO42: pecs | CQ42: dos | CS42: épaules | CU42: biceps | CW42: triceps | CY42: quads | DA42: ischios | DC42: fessier | DE42: mollets | DH42: =DH33 -> Renfo | DI42: =DI33 | DJ42: =DJ33 -> Back extension (coté) | DK42: =DK33 -> 3 | DL42: =DL33 -> 12 | DM42: =DM15 | DN42: =IF(DH42="Squat",IF(DM42>10,MROUND((DM42/100*SQMAX),2.5)," "),IF(DH42="Bench",IF(DM42>10,MROUND((DM42/100*BNMAX),2.5)," "),IF(DH42="Deadlift",IF(DM42>10,MROUND((DM42/100*DLMAX),2.5)," ")," "))) | DP42: =IFERROR((DN42/VLOOKUP(DO42,'RPE vs. %'!$D$3:$P$11,DL42+1,FALSE)),"") | DT42: squat | DV42: bench | DX42: deadlift | DZ42: pecs | EB42: dos | ED42: épaules | EF42: biceps | EH42: triceps | EJ42: quads | EL42: ischios | EN42: fessier | EP42: mollets | ER42: squat | ET42: bench | EV42: deadlift | EX42: pecs | EZ42: dos | FB42: épaules | FD42: biceps | FF42: triceps | FH42: quads | FJ42: ischios | FL42: fessier | FN42: mollets
D43: =D34 -> Renfo | E43: =E34 | F43: =F34 -> élévation lateral | G43: =G34 -> 3 | H43: =H34 -> 12 | I43: =I16 | J43: =IF(D43="Squat",IF(I43>10,MROUND((I43/100*SQMAX),2.5)," "),IF(D43="Bench",IF(I43>10,MROUND((I43/100*BNMAX),2.5)," "),IF(D43="Deadlift",IF(I43>10,MROUND((I43/100*DLMAX),2.5)," ")," "))) | L43: =IFERROR((J43/VLOOKUP(K43,'RPE vs. %'!$D$3:$P$11,H43+1,FALSE)),"") | O43: Série | P43: Tonnage | Q43: Série | R43: Tonnage | S43: Série | T43: Tonnage | U43: Série | V43: Tonnage | W43: Série | X43: Tonnage | Y43: Série | Z43: Tonnage | AA43: Série | AB43: Tonnage | AC43: Série | AD43: Tonnage | AE43: Série | AF43: Tonnage | AG43: Série | AH43: Tonnage | AI43: Série | AJ43: Tonnage | AK43: Série | AL43: Tonnage | AN43: =AN34 -> Renfo | AO43: =AO34 | AP43: =AP34 -> Traction | AQ43: =AQ34 -> 3 | AR43: =AR34 -> 12 | AS43: =AS16 | AT43: =IF(AN43="Squat",IF(AS43>10,MROUND((AS43/100*SQMAX),2.5)," "),IF(AN43="Bench",IF(AS43>10,MROUND((AS43/100*BNMAX),2.5)," "),IF(AN43="Deadlift",IF(AS43>10,MROUND((AS43/100*DLMAX),2.5)," ")," "))) | AV43: =IFERROR((AT43/VLOOKUP(AU43,'RPE vs. %'!$D$3:$P$11,AR43+1,FALSE)),"") | AY43: Série | AZ43: Tonnage | BA43: Série | BB43: Tonnage | BC43: Série | BD43: Tonnage | BE43: Série | BF43: Tonnage | BG43: Série | BH43: Tonnage | BI43: Série | BJ43: Tonnage | BK43: Série | BL43: Tonnage | BM43: Série | BN43: Tonnage | BO43: Série | BP43: Tonnage | BQ43: Série | BR43: Tonnage | BS43: Série | BT43: Tonnage | BU43: Série | BV43: Tonnage | BX43: =BX34 -> Renfo | BY43: =BY34 | BZ43: =BZ34 -> Extension triceps | CA43: =CA34 -> 3 | CB43: =CB34 -> 15 | CC43: =CC16 | CD43: =IF(BX43="Squat",IF(CC43>10,MROUND((CC43/100*SQMAX),2.5)," "),IF(BX43="Bench",IF(CC43>10,MROUND((CC43/100*BNMAX),2.5)," "),IF(BX43="Deadlift",IF(CC43>10,MROUND((CC43/100*DLMAX),2.5)," ")," "))) | CF43: =IFERROR((CD43/VLOOKUP(CE43,'RPE vs. %'!$D$3:$P$11,CB43+1,FALSE)),"") | CI43: Série | CJ43: Tonnage | CK43: Série | CL43: Tonnage | CM43: Série | CN43: Tonnage | CO43: Série | CP43: Tonnage | CQ43: Série | CR43: Tonnage | CS43: Série | CT43: Tonnage | CU43: Série | CV43: Tonnage | CW43: Série | CX43: Tonnage | CY43: Série | CZ43: Tonnage | DA43: Série | DB43: Tonnage | DC43: Série | DD43: Tonnage | DE43: Série | DF43: Tonnage | DH43: =DH34 | DI43: =DI34 | DJ43: =DJ34 | DK43: =DK34 | DL43: =DL34 | DM43: =DM16 | DN43: =IF(DH43="Squat",IF(DM43>10,MROUND((DM43/100*SQMAX),2.5)," "),IF(DH43="Bench",IF(DM43>10,MROUND((DM43/100*BNMAX),2.5)," "),IF(DH43="Deadlift",IF(DM43>10,MROUND((DM43/100*DLMAX),2.5)," ")," "))) | DP43: =IFERROR((DN43/VLOOKUP(DO43,'RPE vs. %'!$D$3:$P$11,DL43+1,FALSE)),"") | DT43: Série | DU43: Tonnage | DV43: Série | DW43: Tonnage | DX43: Série | DY43: Tonnage | DZ43: Série | EA43: Tonnage | EB43: Série | EC43: Tonnage | ED43: Série | EE43: Tonnage | EF43: Série | EG43: Tonnage | EH43: Série | EI43: Tonnage | EJ43: Série | EK43: Tonnage | EL43: Série | EM43: Tonnage | EN43: Série | EO43: Tonnage | EP43: Série | EQ43: Tonnage | ER43: Série | ES43: Tonnage | ET43: Série | EU43: Tonnage | EV43: Série | EW43: Tonnage | EX43: Série | EY43: Tonnage | EZ43: Série | FA43: Tonnage | FB43: Série | FC43: Tonnage | FD43: Série | FE43: Tonnage | FF43: Série | FG43: Tonnage | FH43: Série | FI43: Tonnage | FJ43: Série | FK43: Tonnage | FL43: Série | FM43: Tonnage | FN43: Série | FO43: Tonnage
D44: =D35 | E44: =E35 | F44: =F35 | G44: =G35 | H44: =H35 | I44: =I17 | J44: =IF(D44="Squat",IF(I44>10,MROUND((I44/100*SQMAX),2.5)," "),IF(D44="Bench",IF(I44>10,MROUND((I44/100*BNMAX),2.5)," "),IF(D44="Deadlift",IF(I44>10,MROUND((I44/100*DLMAX),2.5)," ")," "))) | L44: =IFERROR((J44/VLOOKUP(K44,'RPE vs. %'!$D$3:$P$11,H44+1,FALSE)),"") | O44: =IF(D38="Squat",G38,"") -> 2 | P44: =IF(D38="Squat",G38*H38*J38,"") -> 1525 | Q44: =IF(D38="Bench",G38,"") | R44: =IF(D38="Bench",G38*H38*J38,"") | S44: =IF(D38="Deadlift",G38,"") | T44: =IF(D38="Deadlift",G38*H38*J38,"") | U44: =IF(E38="pecs",G38,"") | V44: =IF(E38="pecs",G38*H38*J38,"") | W44: =IF(E38="dos",G38,"") | X44: =IF(E38="dos",G38*H38*J38,"") | Y44: =IF(E38="épaules",G38,"") | Z44: =IF(E38="épaules",G38*H38*J38,"") | AA44: =IF(E38="biceps",G38,"") | AB44: =IF(E38="biceps",G38*H38*J38,"") | AC44: =IF(E38="triceps",G38,"") | AD44: =IF(E38="triceps",G38*H38*J38,"") | AE44: =IF(E38="quads",G38,"") | AF44: =IF(E38="quads",G38*H38*J38,"") | AG44: =IF(E38="ischios",G38,"") | AH44: =IF(E38="ischios",G38*H38*J38,"") | AI44: =IF(E38="fessier",G38,"") | AJ44: =IF(E38="fessier",G38*H38*J38,"") | AK44: =IF(E38="mollets",G38,"") | AL44: =IF(E38="mollets",G38*H38*J38,"") | AN44: =AN35 | AO44: =AO35 | AP44: =AP35 | AQ44: =AQ35 | AR44: =AR35 | AS44: =AS17 | AT44: =IF(AN44="Squat",IF(AS44>10,MROUND((AS44/100*SQMAX),2.5)," "),IF(AN44="Bench",IF(AS44>10,MROUND((AS44/100*BNMAX),2.5)," "),IF(AN44="Deadlift",IF(AS44>10,MROUND((AS44/100*DLMAX),2.5)," ")," "))) | AV44: =IFERROR((AT44/VLOOKUP(AU44,'RPE vs. %'!$D$3:$P$11,AR44+1,FALSE)),"") | AY44: =IF(AN38="Squat",AQ38,"") | AZ44: =IF(AN38="Squat",AQ38*AR38*AT38,"") | BA44: =IF(AN38="Bench",AQ38,"") | BB44: =IF(AN38="Bench",AQ38*AR38*AT38,"") | BC44: =IF(AN38="Deadlift",AQ38,"") -> 3 | BD44: =IF(AN38="Deadlift",AQ38*AR38*AT38,"") -> 2002.5 | BE44: =IF(AO38="pecs",AQ38,"") | BF44: =IF(AO38="pecs",AQ38*AR38*AT38,"") | BG44: =IF(AO38="dos",AQ38,"") | BH44: =IF(AO38="dos",AQ38*AR38*AT38,"") | BI44: =IF(AO38="épaules",AQ38,"") | BJ44: =IF(AO38="épaules",AQ38*AR38*AT38,"") | BK44: =IF(AO38="biceps",AQ38,"") | BL44: =IF(AO38="biceps",AQ38*AR38*AT38,"") | BM44: =IF(AO38="triceps",AQ38,"") | BN44: =IF(AO38="triceps",AQ38*AR38*AT38,"") | BO44: =IF(AO38="quads",AQ38,"") | BP44: =IF(AO38="quads",AQ38*AR38*AT38,"") | BQ44: =IF(AO38="ischios",AQ38,"") | BR44: =IF(AO38="ischios",AQ38*AR38*AT38,"") | BS44: =IF(AO38="fessier",AQ38,"") | BT44: =IF(AO38="fessier",AQ38*AR38*AT38,"") | BU44: =IF(AO38="mollets",AQ38,"") | BV44: =IF(AO38="mollets",AQ38*AR38*AT38,"") | BX44: =BX35 | BY44: =BY35 | BZ44: =BZ35 | CA44: =CA35 | CB44: =CB35 | CC44: =CC17 | CD44: =IF(BX44="Squat",IF(CC44>10,MROUND((CC44/100*SQMAX),2.5)," "),IF(BX44="Bench",IF(CC44>10,MROUND((CC44/100*BNMAX),2.5)," "),IF(BX44="Deadlift",IF(CC44>10,MROUND((CC44/100*DLMAX),2.5)," ")," "))) | CF44: =IFERROR((CD44/VLOOKUP(CE44,'RPE vs. %'!$D$3:$P$11,CB44+1,FALSE)),"") | CI44: =IF(BX38="Squat",CA38,"") -> 3 | CJ44: =IF(BX38="Squat",CA38*CB38*CD38,"") -> 2287.5 | CK44: =IF(BX38="Bench",CA38,"") | CL44: =IF(BX38="Bench",CA38*CB38*CD38,"") | CM44: =IF(BX38="Deadlift",CA38,"") | CN44: =IF(BX38="Deadlift",CA38*CB38*CD38,"") | CO44: =IF(BY38="pecs",CA38,"") | CP44: =IF(BY38="pecs",CA38*CB38*CD38,"") | CQ44: =IF(BY38="dos",CA38,"") | CR44: =IF(BY38="dos",CA38*CB38*CD38,"") | CS44: =IF(BY38="épaules",CA38,"") | CT44: =IF(BY38="épaules",CA38*CB38*CD38,"") | CU44: =IF(BY38="biceps",CA38,"") | CV44: =IF(BY38="biceps",CA38*CB38*CD38,"") | CW44: =IF(BY38="triceps",CA38,"") | CX44: =IF(BY38="triceps",CA38*CB38*CD38,"") | CY44: =IF(BY38="quads",CA38,"") | CZ44: =IF(BY38="quads",CA38*CB38*CD38,"") | DA44: =IF(BY38="ischios",CA38,"") | DB44: =IF(BY38="ischios",CA38*CB38*CD38,"") | DC44: =IF(BY38="fessier",CA38,"") | DD44: =IF(BY38="fessier",CA38*CB38*CD38,"") | DE44: =IF(BY38="mollets",CA38,"") | DF44: =IF(BY38="mollets",CA38*CB38*CD38,"") | DH44: =DH35 | DI44: =DI35 | DJ44: =DJ35 | DK44: =DK35 | DL44: =DL35 | DM44: =DM17 | DN44: =IF(DH44="Squat",IF(DM44>10,MROUND((DM44/100*SQMAX),2.5)," "),IF(DH44="Bench",IF(DM44>10,MROUND((DM44/100*BNMAX),2.5)," "),IF(DH44="Deadlift",IF(DM44>10,MROUND((DM44/100*DLMAX),2.5)," ")," "))) | DP44: =IFERROR((DN44/VLOOKUP(DO44,'RPE vs. %'!$D$3:$P$11,DL44+1,FALSE)),"") | DT44: =IF(DH38="Squat",DK38,"") -> 3 | DU44: =IF(DH38="Squat",DK38*DL38*DN38,"") -> 1642.5 | DV44: =IF(DH38="Bench",DK38,"") | DW44: =IF(DH38="Bench",DK38*DL38*DN38,"") | DX44: =IF(DH38="Deadlift",DK38,"") | DY44: =IF(DH38="Deadlift",DK38*DL38*DN38,"") | DZ44: =IF(DI38="pecs",DK38,"") | EA44: =IF(DI38="pecs",DK38*DL38*DN38,"") | EB44: =IF(DI38="dos",DK38,"") | EC44: =IF(DI38="dos",DK38*DL38*DN38,"") | ED44: =IF(DI38="épaules",DK38,"") | EE44: =IF(DI38="épaules",DK38*DL38*DN38,"") | EF44: =IF(DI38="biceps",DK38,"") | EG44: =IF(DI38="biceps",DK38*DL38*DN38,"") | EH44: =IF(DI38="triceps",DK38,"") | EI44: =IF(DI38="triceps",DK38*DL38*DN38,"") | EJ44: =IF(DI38="quads",DK38,"") | EK44: =IF(DI38="quads",DK38*DL38*DN38,"") | EL44: =IF(DI38="ischios",DK38,"") | EM44: =IF(DI38="ischios",DK38*DL38*DN38,"") | EN44: =IF(DI38="fessier",DK38,"") | EO44: =IF(DI38="fessier",DK38*DL38*DN38,"") | EP44: =IF(DI38="mollets",DK38,"") | EQ44: =IF(DI38="mollets",DK38*DL38*DN38,"") | ER44: =IF(#REF!="Squat",#REF!,"") -> #REF! | ES44: =IF(#REF!="Squat",#REF!*#REF!*#REF!,"") -> #REF! | ET44: =IF(#REF!="Bench",#REF!,"") -> #REF! | EU44: =IF(#REF!="Bench",#REF!*#REF!*#REF!,"") -> #REF! | EV44: =IF(#REF!="Deadlift",#REF!,"") -> #REF! | EW44: =IF(#REF!="Deadlift",#REF!*#REF!*#REF!,"") -> #REF! | EX44: =IF(#REF!="pecs",#REF!,"") -> #REF! | EY44: =IF(#REF!="pecs",#REF!*#REF!*#REF!,"") -> #REF! | EZ44: =IF(#REF!="dos",#REF!,"") -> #REF! | FA44: =IF(#REF!="dos",#REF!*#REF!*#REF!,"") -> #REF! | FB44: =IF(#REF!="épaules",#REF!,"") -> #REF! | FC44: =IF(#REF!="épaules",#REF!*#REF!*#REF!,"") -> #REF! | FD44: =IF(#REF!="biceps",#REF!,"") -> #REF! | FE44: =IF(#REF!="biceps",#REF!*#REF!*#REF!,"") -> #REF! | FF44: =IF(#REF!="triceps",#REF!,"") -> #REF! | FG44: =IF(#REF!="triceps",#REF!*#REF!*#REF!,"") -> #REF! | FH44: =IF(#REF!="quads",#REF!,"") -> #REF! | FI44: =IF(#REF!="quads",#REF!*#REF!*#REF!,"") -> #REF! | FJ44: =IF(#REF!="ischios",#REF!,"") -> #REF! | FK44: =IF(#REF!="ischios",#REF!*#REF!*#REF!,"") -> #REF! | FL44: =IF(#REF!="fessier",#REF!,"") -> #REF! | FM44: =IF(#REF!="fessier",#REF!*#REF!*#REF!,"") -> #REF! | FN44: =IF(#REF!="mollets",#REF!,"") -> #REF! | FO44: =IF(#REF!="mollets",#REF!*#REF!*#REF!,"") -> #REF!
O45: =IF(D39="Squat",G39,"") -> 1 | P45: =IF(D39="Squat",G39*H39*J39,"") -> 812.5 | Q45: =IF(D39="Bench",G39,"") | R45: =IF(D39="Bench",G39*H39*J39,"") | S45: =IF(D39="Deadlift",G39,"") | T45: =IF(D39="Deadlift",G39*H39*J39,"") | U45: =IF(E39="pecs",G39,"") | V45: =IF(E39="pecs",G39*H39*J39,"") | W45: =IF(E39="dos",G39,"") | X45: =IF(E39="dos",G39*H39*J39,"") | Y45: =IF(E39="épaules",G39,"") | Z45: =IF(E39="épaules",G39*H39*J39,"") | AA45: =IF(E39="biceps",G39,"") | AB45: =IF(E39="biceps",G39*H39*J39,"") | AC45: =IF(E39="triceps",G39,"") | AD45: =IF(E39="triceps",G39*H39*J39,"") | AE45: =IF(E39="quads",G39,"") | AF45: =IF(E39="quads",G39*H39*J39,"") | AG45: =IF(E39="ischios",G39,"") | AH45: =IF(E39="ischios",G39*H39*J39,"") | AI45: =IF(E39="fessier",G39,"") | AJ45: =IF(E39="fessier",G39*H39*J39,"") | AK45: =IF(E39="mollets",G39,"") | AL45: =IF(E39="mollets",G39*H39*J39,"") | AY45: =IF(AN39="Squat",AQ39,"") | AZ45: =IF(AN39="Squat",AQ39*AR39*AT39,"") | BA45: =IF(AN39="Bench",AQ39,"") | BB45: =IF(AN39="Bench",AQ39*AR39*AT39,"") | BC45: =IF(AN39="Deadlift",AQ39,"") -> 2 | BD45: =IF(AN39="Deadlift",AQ39*AR39*AT39,"") -> 1725 | BE45: =IF(AO39="pecs",AQ39,"") | BF45: =IF(AO39="pecs",AQ39*AR39*AT39,"") | BG45: =IF(AO39="dos",AQ39,"") | BH45: =IF(AO39="dos",AQ39*AR39*AT39,"") | BI45: =IF(AO39="épaules",AQ39,"") | BJ45: =IF(AO39="épaules",AQ39*AR39*AT39,"") | BK45: =IF(AO39="biceps",AQ39,"") | BL45: =IF(AO39="biceps",AQ39*AR39*AT39,"") | BM45: =IF(AO39="triceps",AQ39,"") | BN45: =IF(AO39="triceps",AQ39*AR39*AT39,"") | BO45: =IF(AO39="quads",AQ39,"") | BP45: =IF(AO39="quads",AQ39*AR39*AT39,"") | BQ45: =IF(AO39="ischios",AQ39,"") | BR45: =IF(AO39="ischios",AQ39*AR39*AT39,"") | BS45: =IF(AO39="fessier",AQ39,"") | BT45: =IF(AO39="fessier",AQ39*AR39*AT39,"") | BU45: =IF(AO39="mollets",AQ39,"") | BV45: =IF(AO39="mollets",AQ39*AR39*AT39,"") | BX45: =BX36 | BY45: =BY36 | CA45: =CA36 | CD45: =IF(BX45="Squat",IF(CC45>10,MROUND((CC45/100*SQMAX),2.5)," "),IF(BX45="Bench",IF(CC45>10,MROUND((CC45/100*BNMAX),2.5)," "),IF(BX45="Deadlift",IF(CC45>10,MROUND((CC45/100*DLMAX),2.5)," ")," "))) | CF45: =IFERROR((CD45/VLOOKUP(CE45,'RPE vs. %'!$D$3:$P$11,CB45+1,FALSE)),"") | CI45: =IF(BX39="Squat",CA39,"") | CJ45: =IF(BX39="Squat",CA39*CB39*CD39,"") | CK45: =IF(BX39="Bench",CA39,"") -> 4 | CL45: =IF(BX39="Bench",CA39*CB39*CD39,"") -> 1080 | CM45: =IF(BX39="Deadlift",CA39,"") | CN45: =IF(BX39="Deadlift",CA39*CB39*CD39,"") | CO45: =IF(BY39="pecs",CA39,"") | CP45: =IF(BY39="pecs",CA39*CB39*CD39,"") | CQ45: =IF(BY39="dos",CA39,"") | CR45: =IF(BY39="dos",CA39*CB39*CD39,"") | CS45: =IF(BY39="épaules",CA39,"") | CT45: =IF(BY39="épaules",CA39*CB39*CD39,"") | CU45: =IF(BY39="biceps",CA39,"") | CV45: =IF(BY39="biceps",CA39*CB39*CD39,"") | CW45: =IF(BY39="triceps",CA39,"") | CX45: =IF(BY39="triceps",CA39*CB39*CD39,"") | CY45: =IF(BY39="quads",CA39,"") | CZ45: =IF(BY39="quads",CA39*CB39*CD39,"") | DA45: =IF(BY39="ischios",CA39,"") | DB45: =IF(BY39="ischios",CA39*CB39*CD39,"") | DC45: =IF(BY39="fessier",CA39,"") | DD45: =IF(BY39="fessier",CA39*CB39*CD39,"") | DE45: =IF(BY39="mollets",CA39,"") | DF45: =IF(BY39="mollets",CA39*CB39*CD39,"") | DT45: =IF(DH39="Squat",DK39,"") | DU45: =IF(DH39="Squat",DK39*DL39*DN39,"") | DV45: =IF(DH39="Bench",DK39,"") -> 3 | DW45: =IF(DH39="Bench",DK39*DL39*DN39,"") -> 1147.5 | DX45: =IF(DH39="Deadlift",DK39,"") | DY45: =IF(DH39="Deadlift",DK39*DL39*DN39,"") | DZ45: =IF(DI39="pecs",DK39,"") | EA45: =IF(DI39="pecs",DK39*DL39*DN39,"") | EB45: =IF(DI39="dos",DK39,"") | EC45: =IF(DI39="dos",DK39*DL39*DN39,"") | ED45: =IF(DI39="épaules",DK39,"") | EE45: =IF(DI39="épaules",DK39*DL39*DN39,"") | EF45: =IF(DI39="biceps",DK39,"") | EG45: =IF(DI39="biceps",DK39*DL39*DN39,"") | EH45: =IF(DI39="triceps",DK39,"") | EI45: =IF(DI39="triceps",DK39*DL39*DN39,"") | EJ45: =IF(DI39="quads",DK39,"") | EK45: =IF(DI39="quads",DK39*DL39*DN39,"") | EL45: =IF(DI39="ischios",DK39,"") | EM45: =IF(DI39="ischios",DK39*DL39*DN39,"") | EN45: =IF(DI39="fessier",DK39,"") | EO45: =IF(DI39="fessier",DK39*DL39*DN39,"") | EP45: =IF(DI39="mollets",DK39,"") | EQ45: =IF(DI39="mollets",DK39*DL39*DN39,"") | ER45: =IF(#REF!="Squat",#REF!,"") -> #REF! | ES45: =IF(#REF!="Squat",#REF!*#REF!*#REF!,"") -> #REF! | ET45: =IF(#REF!="Bench",#REF!,"") -> #REF! | EU45: =IF(#REF!="Bench",#REF!*#REF!*#REF!,"") -> #REF! | EV45: =IF(#REF!="Deadlift",#REF!,"") -> #REF! | EW45: =IF(#REF!="Deadlift",#REF!*#REF!*#REF!,"") -> #REF! | EX45: =IF(#REF!="pecs",#REF!,"") -> #REF! | EY45: =IF(#REF!="pecs",#REF!*#REF!*#REF!,"") -> #REF! | EZ45: =IF(#REF!="dos",#REF!,"") -> #REF! | FA45: =IF(#REF!="dos",#REF!*#REF!*#REF!,"") -> #REF! | FB45: =IF(#REF!="épaules",#REF!,"") -> #REF! | FC45: =IF(#REF!="épaules",#REF!*#REF!*#REF!,"") -> #REF! | FD45: =IF(#REF!="biceps",#REF!,"") -> #REF! | FE45: =IF(#REF!="biceps",#REF!*#REF!*#REF!,"") -> #REF! | FF45: =IF(#REF!="triceps",#REF!,"") -> #REF! | FG45: =IF(#REF!="triceps",#REF!*#REF!*#REF!,"") -> #REF! | FH45: =IF(#REF!="quads",#REF!,"") -> #REF! | FI45: =IF(#REF!="quads",#REF!*#REF!*#REF!,"") -> #REF! | FJ45: =IF(#REF!="ischios",#REF!,"") -> #REF! | FK45: =IF(#REF!="ischios",#REF!*#REF!*#REF!,"") -> #REF! | FL45: =IF(#REF!="fessier",#REF!,"") -> #REF! | FM45: =IF(#REF!="fessier",#REF!*#REF!*#REF!,"") -> #REF! | FN45: =IF(#REF!="mollets",#REF!,"") -> #REF! | FO45: =IF(#REF!="mollets",#REF!*#REF!*#REF!,"") -> #REF!
D46: Type | E46: Muscle | F46: Exercices | G46: Sets | H46: Reps | I46: Intensité | J46: Charge | K46: RPE | L46: e1RM | M46: Notes | O46: =IF(D42="Squat",G42,"") | P46: =IF(D42="Squat",G42*H42*J42,"") | Q46: =IF(D42="Bench",G42,"") | R46: =IF(D42="Bench",G42*H42*J42,"") | S46: =IF(D42="Deadlift",G42,"") | T46: =IF(D42="Deadlift",G42*H42*J42,"") | U46: =IF(E42="pecs",G42,"") | V46: =IF(E42="pecs",G42*H42*J42,"") | W46: =IF(E42="dos",G42,"") | X46: =IF(E42="dos",G42*H42*J42,"") | Y46: =IF(E42="épaules",G42,"") | Z46: =IF(E42="épaules",G42*H42*J42,"") | AA46: =IF(E42="biceps",G42,"") | AB46: =IF(E42="biceps",G42*H42*J42,"") | AC46: =IF(E42="triceps",G42,"") | AD46: =IF(E42="triceps",G42*H42*J42,"") | AE46: =IF(E42="quads",G42,"") | AF46: =IF(E42="quads",G42*H42*J42,"") | AG46: =IF(E42="ischios",G42,"") | AH46: =IF(E42="ischios",G42*H42*J42,"") | AI46: =IF(E42="fessier",G42,"") | AJ46: =IF(E42="fessier",G42*H42*J42,"") | AK46: =IF(E42="mollets",G42,"") | AL46: =IF(E42="mollets",G42*H42*J42,"") | AN46: Type | AO46: Muscle | AP46: Exercices | AQ46: Sets | AR46: Reps | AS46: Intensité | AT46: Charge | AU46: RPE | AV46: e1RM | AW46: Notes | AY46: =IF(AN42="Squat",AQ42,"") | AZ46: =IF(AN42="Squat",AQ42*AR42*AT42,"") | BA46: =IF(AN42="Bench",AQ42,"") | BB46: =IF(AN42="Bench",AQ42*AR42*AT42,"") | BC46: =IF(AN42="Deadlift",AQ42,"") | BD46: =IF(AN42="Deadlift",AQ42*AR42*AT42,"") | BE46: =IF(AO42="pecs",AQ42,"") | BF46: =IF(AO42="pecs",AQ42*AR42*AT42,"") | BG46: =IF(AO42="dos",AQ42,"") | BH46: =IF(AO42="dos",AQ42*AR42*AT42,"") | BI46: =IF(AO42="épaules",AQ42,"") | BJ46: =IF(AO42="épaules",AQ42*AR42*AT42,"") | BK46: =IF(AO42="biceps",AQ42,"") | BL46: =IF(AO42="biceps",AQ42*AR42*AT42,"") | BM46: =IF(AO42="triceps",AQ42,"") | BN46: =IF(AO42="triceps",AQ42*AR42*AT42,"") | BO46: =IF(AO42="quads",AQ42,"") | BP46: =IF(AO42="quads",AQ42*AR42*AT42,"") | BQ46: =IF(AO42="ischios",AQ42,"") | BR46: =IF(AO42="ischios",AQ42*AR42*AT42,"") | BS46: =IF(AO42="fessier",AQ42,"") | BT46: =IF(AO42="fessier",AQ42*AR42*AT42,"") | BU46: =IF(AO42="mollets",AQ42,"") | BV46: =IF(AO42="mollets",AQ42*AR42*AT42,"") | BX46: Type | BY46: Muscle | BZ46: Exercices | CA46: Sets | CB46: Reps | CC46: Intensité | CD46: Charge | CE46: RPE | CF46: e1RM | CG46: Notes | CI46: =IF(BX42="Squat",CA42,"") | CJ46: =IF(BX42="Squat",CA42*CB42*CD42,"") | CK46: =IF(BX42="Bench",CA42,"") | CL46: =IF(BX42="Bench",CA42*CB42*CD42,"") | CM46: =IF(BX42="Deadlift",CA42,"") | CN46: =IF(BX42="Deadlift",CA42*CB42*CD42,"") | CO46: =IF(BY42="pecs",CA42,"") | CP46: =IF(BY42="pecs",CA42*CB42*CD42,"") | CQ46: =IF(BY42="dos",CA42,"") | CR46: =IF(BY42="dos",CA42*CB42*CD42,"") | CS46: =IF(BY42="épaules",CA42,"") | CT46: =IF(BY42="épaules",CA42*CB42*CD42,"") | CU46: =IF(BY42="biceps",CA42,"") | CV46: =IF(BY42="biceps",CA42*CB42*CD42,"") | CW46: =IF(BY42="triceps",CA42,"") | CX46: =IF(BY42="triceps",CA42*CB42*CD42,"") | CY46: =IF(BY42="quads",CA42,"") | CZ46: =IF(BY42="quads",CA42*CB42*CD42,"") | DA46: =IF(BY42="ischios",CA42,"") | DB46: =IF(BY42="ischios",CA42*CB42*CD42,"") | DC46: =IF(BY42="fessier",CA42,"") | DD46: =IF(BY42="fessier",CA42*CB42*CD42,"") | DE46: =IF(BY42="mollets",CA42,"") | DF46: =IF(BY42="mollets",CA42*CB42*CD42,"") | DH46: Type | DI46: Muscle | DJ46: Exercices | DK46: Sets | DL46: Reps | DM46: Intensité | DN46: Charge | DO46: RPE | DP46: e1RM | DQ46: Notes | DT46: =IF(DH40="Squat",DK40,"") | DU46: =IF(DH40="Squat",DK40*DL40*DN40,"") | DV46: =IF(DH40="Bench",DK40,"") | DW46: =IF(DH40="Bench",DK40*DL40*DN40,"") | DX46: =IF(DH40="Deadlift",DK40,"") -> 3 | DY46: =IF(DH40="Deadlift",DK40*DL40*DN40,"") -> 2047.5 | DZ46: =IF(DI40="pecs",DK40,"") | EA46: =IF(DI40="pecs",DK40*DL40*DN40,"") | EB46: =IF(DI40="dos",DK40,"") | EC46: =IF(DI40="dos",DK40*DL40*DN40,"") | ED46: =IF(DI40="épaules",DK40,"") | EE46: =IF(DI40="épaules",DK40*DL40*DN40,"") | EF46: =IF(DI40="biceps",DK40,"") | EG46: =IF(DI40="biceps",DK40*DL40*DN40,"") | EH46: =IF(DI40="triceps",DK40,"") | EI46: =IF(DI40="triceps",DK40*DL40*DN40,"") | EJ46: =IF(DI40="quads",DK40,"") | EK46: =IF(DI40="quads",DK40*DL40*DN40,"") | EL46: =IF(DI40="ischios",DK40,"") | EM46: =IF(DI40="ischios",DK40*DL40*DN40,"") | EN46: =IF(DI40="fessier",DK40,"") | EO46: =IF(DI40="fessier",DK40*DL40*DN40,"") | EP46: =IF(DI40="mollets",DK40,"") | EQ46: =IF(DI40="mollets",DK40*DL40*DN40,"") | ER46: =IF(#REF!="Squat",#REF!,"") -> #REF! | ES46: =IF(#REF!="Squat",#REF!*#REF!*#REF!,"") -> #REF! | ET46: =IF(#REF!="Bench",#REF!,"") -> #REF! | EU46: =IF(#REF!="Bench",#REF!*#REF!*#REF!,"") -> #REF! | EV46: =IF(#REF!="Deadlift",#REF!,"") -> #REF! | EW46: =IF(#REF!="Deadlift",#REF!*#REF!*#REF!,"") -> #REF! | EX46: =IF(#REF!="pecs",#REF!,"") -> #REF! | EY46: =IF(#REF!="pecs",#REF!*#REF!*#REF!,"") -> #REF! | EZ46: =IF(#REF!="dos",#REF!,"") -> #REF! | FA46: =IF(#REF!="dos",#REF!*#REF!*#REF!,"") -> #REF! | FB46: =IF(#REF!="épaules",#REF!,"") -> #REF! | FC46: =IF(#REF!="épaules",#REF!*#REF!*#REF!,"") -> #REF! | FD46: =IF(#REF!="biceps",#REF!,"") -> #REF! | FE46: =IF(#REF!="biceps",#REF!*#REF!*#REF!,"") -> #REF! | FF46: =IF(#REF!="triceps",#REF!,"") -> #REF! | FG46: =IF(#REF!="triceps",#REF!*#REF!*#REF!,"") -> #REF! | FH46: =IF(#REF!="quads",#REF!,"") -> #REF! | FI46: =IF(#REF!="quads",#REF!*#REF!*#REF!,"") -> #REF! | FJ46: =IF(#REF!="ischios",#REF!,"") -> #REF! | FK46: =IF(#REF!="ischios",#REF!*#REF!*#REF!,"") -> #REF! | FL46: =IF(#REF!="fessier",#REF!,"") -> #REF! | FM46: =IF(#REF!="fessier",#REF!*#REF!*#REF!,"") -> #REF! | FN46: =IF(#REF!="mollets",#REF!,"") -> #REF! | FO46: =IF(#REF!="mollets",#REF!*#REF!*#REF!,"") -> #REF!
B47: Semaine 5 | D47: =D38 -> Squat | E47: =E38 | F47: =F38 -> Squat 4/1/0 | G47: =G38 -> 2 | H47: =H38 -> 5 | I47: 79 | J47: =IF(D47="Squat",IF(I47>10,MROUND((I47/100*SQMAX),2.5)," "),IF(D47="Bench",IF(I47>10,MROUND((I47/100*BNMAX),2.5)," "),IF(D47="Deadlift",IF(I47>10,MROUND((I47/100*DLMAX),2.5)," ")," "))) -> 157.5 | L47: =IFERROR((J47/VLOOKUP(K47,'RPE vs. %'!$D$3:$P$11,H47+1,FALSE)),"") | M47: Indiquer votre forme du jour, vos observations, blessures, ... | O47: =IF(D43="Squat",G43,"") | P47: =IF(D43="Squat",G43*H43*J43,"") | Q47: =IF(D43="Bench",G43,"") | R47: =IF(D43="Bench",G43*H43*J43,"") | S47: =IF(D43="Deadlift",G43,"") | T47: =IF(D43="Deadlift",G43*H43*J43,"") | U47: =IF(E43="pecs",G43,"") | V47: =IF(E43="pecs",G43*H43*J43,"") | W47: =IF(E43="dos",G43,"") | X47: =IF(E43="dos",G43*H43*J43,"") | Y47: =IF(E43="épaules",G43,"") | Z47: =IF(E43="épaules",G43*H43*J43,"") | AA47: =IF(E43="biceps",G43,"") | AB47: =IF(E43="biceps",G43*H43*J43,"") | AC47: =IF(E43="triceps",G43,"") | AD47: =IF(E43="triceps",G43*H43*J43,"") | AE47: =IF(E43="quads",G43,"") | AF47: =IF(E43="quads",G43*H43*J43,"") | AG47: =IF(E43="ischios",G43,"") | AH47: =IF(E43="ischios",G43*H43*J43,"") | AI47: =IF(E43="fessier",G43,"") | AJ47: =IF(E43="fessier",G43*H43*J43,"") | AK47: =IF(E43="mollets",G43,"") | AL47: =IF(E43="mollets",G43*H43*J43,"") | AN47: =AN38 -> Deadlift | AO47: =AO38 | AP47: =AP38 -> Deadlift | AQ47: =AQ38 -> 3 | AR47: =AR38 -> 3 | AS47: =AS38+3 -> 92 | AT47: =IF(AN47="Squat",IF(AS47>10,MROUND((AS47/100*SQMAX),2.5)," "),IF(AN47="Bench",IF(AS47>10,MROUND((AS47/100*BNMAX),2.5)," "),IF(AN47="Deadlift",IF(AS47>10,MROUND((AS47/100*DLMAX),2.5)," ")," "))) -> 230 | AV47: =IFERROR((AT47/VLOOKUP(AU47,'RPE vs. %'!$D$3:$P$11,AR47+1,FALSE)),"") | AW47: Indiquer votre forme du jour, vos observations, blessures, ... | AY47: =IF(AN43="Squat",AQ43,"") | AZ47: =IF(AN43="Squat",AQ43*AR43*AT43,"") | BA47: =IF(AN43="Bench",AQ43,"") | BB47: =IF(AN43="Bench",AQ43*AR43*AT43,"") | BC47: =IF(AN43="Deadlift",AQ43,"") | BD47: =IF(AN43="Deadlift",AQ43*AR43*AT43,"") | BE47: =IF(AO43="pecs",AQ43,"") | BF47: =IF(AO43="pecs",AQ43*AR43*AT43,"") | BG47: =IF(AO43="dos",AQ43,"") | BH47: =IF(AO43="dos",AQ43*AR43*AT43,"") | BI47: =IF(AO43="épaules",AQ43,"") | BJ47: =IF(AO43="épaules",AQ43*AR43*AT43,"") | BK47: =IF(AO43="biceps",AQ43,"") | BL47: =IF(AO43="biceps",AQ43*AR43*AT43,"") | BM47: =IF(AO43="triceps",AQ43,"") | BN47: =IF(AO43="triceps",AQ43*AR43*AT43,"") | BO47: =IF(AO43="quads",AQ43,"") | BP47: =IF(AO43="quads",AQ43*AR43*AT43,"") | BQ47: =IF(AO43="ischios",AQ43,"") | BR47: =IF(AO43="ischios",AQ43*AR43*AT43,"") | BS47: =IF(AO43="fessier",AQ43,"") | BT47: =IF(AO43="fessier",AQ43*AR43*AT43,"") | BU47: =IF(AO43="mollets",AQ43,"") | BV47: =IF(AO43="mollets",AQ43*AR43*AT43,"") | BX47: =BX38 -> Squat | BY47: =BY38 | BZ47: =BZ38 -> Squat pause | CA47: =CA38 -> 3 | CB47: =CB38 -> 5 | CC47: =CC38+4 -> 80 | CD47: =IF(BX47="Squat",IF(CC47>10,MROUND((CC47/100*SQMAX),2.5)," "),IF(BX47="Bench",IF(CC47>10,MROUND((CC47/100*BNMAX),2.5)," "),IF(BX47="Deadlift",IF(CC47>10,MROUND((CC47/100*DLMAX),2.5)," ")," "))) -> 160 | CF47: =IFERROR((CD47/VLOOKUP(CE47,'RPE vs. %'!$D$3:$P$11,CB47+1,FALSE)),"") | CG47: Indiquer votre forme du jour, vos observations, blessures, ... | CI47: =IF(BX43="Squat",CA43,"") | CJ47: =IF(BX43="Squat",CA43*CB43*CD43,"") | CK47: =IF(BX43="Bench",CA43,"") | CL47: =IF(BX43="Bench",CA43*CB43*CD43,"") | CM47: =IF(BX43="Deadlift",CA43,"") | CN47: =IF(BX43="Deadlift",CA43*CB43*CD43,"") | CO47: =IF(BY43="pecs",CA43,"") | CP47: =IF(BY43="pecs",CA43*CB43*CD43,"") | CQ47: =IF(BY43="dos",CA43,"") | CR47: =IF(BY43="dos",CA43*CB43*CD43,"") | CS47: =IF(BY43="épaules",CA43,"") | CT47: =IF(BY43="épaules",CA43*CB43*CD43,"") | CU47: =IF(BY43="biceps",CA43,"") | CV47: =IF(BY43="biceps",CA43*CB43*CD43,"") | CW47: =IF(BY43="triceps",CA43,"") | CX47: =IF(BY43="triceps",CA43*CB43*CD43,"") | CY47: =IF(BY43="quads",CA43,"") | CZ47: =IF(BY43="quads",CA43*CB43*CD43,"") | DA47: =IF(BY43="ischios",CA43,"") | DB47: =IF(BY43="ischios",CA43*CB43*CD43,"") | DC47: =IF(BY43="fessier",CA43,"") | DD47: =IF(BY43="fessier",CA43*CB43*CD43,"") | DE47: =IF(BY43="mollets",CA43,"") | DF47: =IF(BY43="mollets",CA43*CB43*CD43,"") | DH47: =DH38 -> Squat | DI47: =DI38 | DJ47: =DJ38 -> Squat | DK47: =DK38 -> 3 | DL47: =DL38 -> 3 | DM47: =DM38+3 -> 94 | DN47: =IF(DH47="Squat",IF(DM47>10,MROUND((DM47/100*SQMAX),2.5)," "),IF(DH47="Bench",IF(DM47>10,MROUND((DM47/100*BNMAX),2.5)," "),IF(DH47="Deadlift",IF(DM47>10,MROUND((DM47/100*DLMAX),2.5)," ")," "))) -> 187.5 | DP47: =IFERROR((DN47/VLOOKUP(DO47,'RPE vs. %'!$D$3:$P$11,DL47+1,FALSE)),"") | DQ47: Indiquer votre forme du jour, vos observations, blessures, ... | DT47: =IF(DH41="Squat",DK41,"") | DU47: =IF(DH41="Squat",DK41*DL41*DN41,"") | DV47: =IF(DH41="Bench",DK41,"") | DW47: =IF(DH41="Bench",DK41*DL41*DN41,"") | DX47: =IF(DH41="Deadlift",DK41,"") | DY47: =IF(DH41="Deadlift",DK41*DL41*DN41,"") | DZ47: =IF(DI41="pecs",DK41,"") | EA47: =IF(DI41="pecs",DK41*DL41*DN41,"") | EB47: =IF(DI41="dos",DK41,"") | EC47: =IF(DI41="dos",DK41*DL41*DN41,"") | ED47: =IF(DI41="épaules",DK41,"") | EE47: =IF(DI41="épaules",DK41*DL41*DN41,"") | EF47: =IF(DI41="biceps",DK41,"") | EG47: =IF(DI41="biceps",DK41*DL41*DN41,"") | EH47: =IF(DI41="triceps",DK41,"") | EI47: =IF(DI41="triceps",DK41*DL41*DN41,"") | EJ47: =IF(DI41="quads",DK41,"") | EK47: =IF(DI41="quads",DK41*DL41*DN41,"") | EL47: =IF(DI41="ischios",DK41,"") | EM47: =IF(DI41="ischios",DK41*DL41*DN41,"") | EN47: =IF(DI41="fessier",DK41,"") | EO47: =IF(DI41="fessier",DK41*DL41*DN41,"") | EP47: =IF(DI41="mollets",DK41,"") | EQ47: =IF(DI41="mollets",DK41*DL41*DN41,"") | ER47: =IF(#REF!="Squat",#REF!,"") -> #REF! | ES47: =IF(#REF!="Squat",#REF!*#REF!*#REF!,"") -> #REF! | ET47: =IF(#REF!="Bench",#REF!,"") -> #REF! | EU47: =IF(#REF!="Bench",#REF!*#REF!*#REF!,"") -> #REF! | EV47: =IF(#REF!="Deadlift",#REF!,"") -> #REF! | EW47: =IF(#REF!="Deadlift",#REF!*#REF!*#REF!,"") -> #REF! | EX47: =IF(#REF!="pecs",#REF!,"") -> #REF! | EY47: =IF(#REF!="pecs",#REF!*#REF!*#REF!,"") -> #REF! | EZ47: =IF(#REF!="dos",#REF!,"") -> #REF! | FA47: =IF(#REF!="dos",#REF!*#REF!*#REF!,"") -> #REF! | FB47: =IF(#REF!="épaules",#REF!,"") -> #REF! | FC47: =IF(#REF!="épaules",#REF!*#REF!*#REF!,"") -> #REF! | FD47: =IF(#REF!="biceps",#REF!,"") -> #REF! | FE47: =IF(#REF!="biceps",#REF!*#REF!*#REF!,"") -> #REF! | FF47: =IF(#REF!="triceps",#REF!,"") -> #REF! | FG47: =IF(#REF!="triceps",#REF!*#REF!*#REF!,"") -> #REF! | FH47: =IF(#REF!="quads",#REF!,"") -> #REF! | FI47: =IF(#REF!="quads",#REF!*#REF!*#REF!,"") -> #REF! | FJ47: =IF(#REF!="ischios",#REF!,"") -> #REF! | FK47: =IF(#REF!="ischios",#REF!*#REF!*#REF!,"") -> #REF! | FL47: =IF(#REF!="fessier",#REF!,"") -> #REF! | FM47: =IF(#REF!="fessier",#REF!*#REF!*#REF!,"") -> #REF! | FN47: =IF(#REF!="mollets",#REF!,"") -> #REF! | FO47: =IF(#REF!="mollets",#REF!*#REF!*#REF!,"") -> #REF!
D48: =D39 -> Squat | E48: =E39 | F48: =F39 -> Squat | G48: =G39 -> 1 | H48: =H39 -> 5 | I48: =I39+3 -> 84 | J48: =IF(D48="Squat",IF(I48>10,MROUND((I48/100*SQMAX),2.5)," "),IF(D48="Bench",IF(I48>10,MROUND((I48/100*BNMAX),2.5)," "),IF(D48="Deadlift",IF(I48>10,MROUND((I48/100*DLMAX),2.5)," ")," "))) -> 167.5 | L48: =IFERROR((J48/VLOOKUP(K48,'RPE vs. %'!$D$3:$P$11,H48+1,FALSE)),"") | O48: =IF(D44="Squat",G44,"") | P48: =IF(D44="Squat",G44*H44*J44,"") | Q48: =IF(D44="Bench",G44,"") | R48: =IF(D44="Bench",G44*H44*J44,"") | S48: =IF(D44="Deadlift",G44,"") | T48: =IF(D44="Deadlift",G44*H44*J44,"") | U48: =IF(E44="pecs",G44,"") | V48: =IF(E44="pecs",G44*H44*J44,"") | W48: =IF(E44="dos",G44,"") | X48: =IF(E44="dos",G44*H44*J44,"") | Y48: =IF(E44="épaules",G44,"") | Z48: =IF(E44="épaules",G44*H44*J44,"") | AA48: =IF(E44="biceps",G44,"") | AB48: =IF(E44="biceps",G44*H44*J44,"") | AC48: =IF(E44="triceps",G44,"") | AD48: =IF(E44="triceps",G44*H44*J44,"") | AE48: =IF(E44="quads",G44,"") | AF48: =IF(E44="quads",G44*H44*J44,"") | AG48: =IF(E44="ischios",G44,"") | AH48: =IF(E44="ischios",G44*H44*J44,"") | AI48: =IF(E44="fessier",G44,"") | AJ48: =IF(E44="fessier",G44*H44*J44,"") | AK48: =IF(E44="mollets",G44,"") | AL48: =IF(E44="mollets",G44*H44*J44,"") | AN48: =AN39 -> Deadlift | AO48: =AO39 | AP48: =AP39 -> Deadlift pause | AQ48: =AQ39 -> 2 | AR48: =AR39 -> 5 | AS48: =AS39+3 -> 72 | AT48: =IF(AN48="Squat",IF(AS48>10,MROUND((AS48/100*SQMAX),2.5)," "),IF(AN48="Bench",IF(AS48>10,MROUND((AS48/100*BNMAX),2.5)," "),IF(AN48="Deadlift",IF(AS48>10,MROUND((AS48/100*DLMAX),2.5)," ")," "))) -> 180 | AV48: =IFERROR((AT48/VLOOKUP(AU48,'RPE vs. %'!$D$3:$P$11,AR48+1,FALSE)),"") | AY48: =IF(AN44="Squat",AQ44,"") | AZ48: =IF(AN44="Squat",AQ44*AR44*AT44,"") | BA48: =IF(AN44="Bench",AQ44,"") | BB48: =IF(AN44="Bench",AQ44*AR44*AT44,"") | BC48: =IF(AN44="Deadlift",AQ44,"") | BD48: =IF(AN44="Deadlift",AQ44*AR44*AT44,"") | BE48: =IF(AO44="pecs",AQ44,"") | BF48: =IF(AO44="pecs",AQ44*AR44*AT44,"") | BG48: =IF(AO44="dos",AQ44,"") | BH48: =IF(AO44="dos",AQ44*AR44*AT44,"") | BI48: =IF(AO44="épaules",AQ44,"") | BJ48: =IF(AO44="épaules",AQ44*AR44*AT44,"") | BK48: =IF(AO44="biceps",AQ44,"") | BL48: =IF(AO44="biceps",AQ44*AR44*AT44,"") | BM48: =IF(AO44="triceps",AQ44,"") | BN48: =IF(AO44="triceps",AQ44*AR44*AT44,"") | BO48: =IF(AO44="quads",AQ44,"") | BP48: =IF(AO44="quads",AQ44*AR44*AT44,"") | BQ48: =IF(AO44="ischios",AQ44,"") | BR48: =IF(AO44="ischios",AQ44*AR44*AT44,"") | BS48: =IF(AO44="fessier",AQ44,"") | BT48: =IF(AO44="fessier",AQ44*AR44*AT44,"") | BU48: =IF(AO44="mollets",AQ44,"") | BV48: =IF(AO44="mollets",AQ44*AR44*AT44,"") | BX48: =BX39 -> Bench | BY48: =BY39 | BZ48: =BZ39 -> Bench | CA48: =CA39 -> 4 | CB48: =CB39 -> 2 | CC48: 99 | CD48: =IF(BX48="Squat",IF(CC48>10,MROUND((CC48/100*SQMAX),2.5)," "),IF(BX48="Bench",IF(CC48>10,MROUND((CC48/100*BNMAX),2.5)," "),IF(BX48="Deadlift",IF(CC48>10,MROUND((CC48/100*DLMAX),2.5)," ")," "))) -> 137.5 | CF48: =IFERROR((CD48/VLOOKUP(CE48,'RPE vs. %'!$D$3:$P$11,CB48+1,FALSE)),"") | CI48: =IF(BX44="Squat",CA44,"") | CJ48: =IF(BX44="Squat",CA44*CB44*CD44,"") | CK48: =IF(BX44="Bench",CA44,"") | CL48: =IF(BX44="Bench",CA44*CB44*CD44,"") | CM48: =IF(BX44="Deadlift",CA44,"") | CN48: =IF(BX44="Deadlift",CA44*CB44*CD44,"") | CO48: =IF(BY44="pecs",CA44,"") | CP48: =IF(BY44="pecs",CA44*CB44*CD44,"") | CQ48: =IF(BY44="dos",CA44,"") | CR48: =IF(BY44="dos",CA44*CB44*CD44,"") | CS48: =IF(BY44="épaules",CA44,"") | CT48: =IF(BY44="épaules",CA44*CB44*CD44,"") | CU48: =IF(BY44="biceps",CA44,"") | CV48: =IF(BY44="biceps",CA44*CB44*CD44,"") | CW48: =IF(BY44="triceps",CA44,"") | CX48: =IF(BY44="triceps",CA44*CB44*CD44,"") | CY48: =IF(BY44="quads",CA44,"") | CZ48: =IF(BY44="quads",CA44*CB44*CD44,"") | DA48: =IF(BY44="ischios",CA44,"") | DB48: =IF(BY44="ischios",CA44*CB44*CD44,"") | DC48: =IF(BY44="fessier",CA44,"") | DD48: =IF(BY44="fessier",CA44*CB44*CD44,"") | DE48: =IF(BY44="mollets",CA44,"") | DF48: =IF(BY44="mollets",CA44*CB44*CD44,"") | DH48: =DH39 -> Bench | DI48: =DI39 | DJ48: =DJ39 -> Bench | DK48: =DK39 -> 3 | DL48: =DL39 -> 3 | DM48: =DM39+3 -> 94 | DN48: =IF(DH48="Squat",IF(DM48>10,MROUND((DM48/100*SQMAX),2.5)," "),IF(DH48="Bench",IF(DM48>10,MROUND((DM48/100*BNMAX),2.5)," "),IF(DH48="Deadlift",IF(DM48>10,MROUND((DM48/100*DLMAX),2.5)," ")," "))) -> 132.5 | DP48: =IFERROR((DN48/VLOOKUP(DO48,'RPE vs. %'!$D$3:$P$11,DL48+1,FALSE)),"") | DT48: =IF(DH42="Squat",DK42,"") | DU48: =IF(DH42="Squat",DK42*DL42*DN42,"") | DV48: =IF(DH42="Bench",DK42,"") | DW48: =IF(DH42="Bench",DK42*DL42*DN42,"") | DX48: =IF(DH42="Deadlift",DK42,"") | DY48: =IF(DH42="Deadlift",DK42*DL42*DN42,"") | DZ48: =IF(DI42="pecs",DK42,"") | EA48: =IF(DI42="pecs",DK42*DL42*DN42,"") | EB48: =IF(DI42="dos",DK42,"") | EC48: =IF(DI42="dos",DK42*DL42*DN42,"") | ED48: =IF(DI42="épaules",DK42,"") | EE48: =IF(DI42="épaules",DK42*DL42*DN42,"") | EF48: =IF(DI42="biceps",DK42,"") | EG48: =IF(DI42="biceps",DK42*DL42*DN42,"") | EH48: =IF(DI42="triceps",DK42,"") | EI48: =IF(DI42="triceps",DK42*DL42*DN42,"") | EJ48: =IF(DI42="quads",DK42,"") | EK48: =IF(DI42="quads",DK42*DL42*DN42,"") | EL48: =IF(DI42="ischios",DK42,"") | EM48: =IF(DI42="ischios",DK42*DL42*DN42,"") | EN48: =IF(DI42="fessier",DK42,"") | EO48: =IF(DI42="fessier",DK42*DL42*DN42,"") | EP48: =IF(DI42="mollets",DK42,"") | EQ48: =IF(DI42="mollets",DK42*DL42*DN42,"") | ER48: =IF(#REF!="Squat",#REF!,"") -> #REF! | ES48: =IF(#REF!="Squat",#REF!*#REF!*#REF!,"") -> #REF! | ET48: =IF(#REF!="Bench",#REF!,"") -> #REF! | EU48: =IF(#REF!="Bench",#REF!*#REF!*#REF!,"") -> #REF! | EV48: =IF(#REF!="Deadlift",#REF!,"") -> #REF! | EW48: =IF(#REF!="Deadlift",#REF!*#REF!*#REF!,"") -> #REF! | EX48: =IF(#REF!="pecs",#REF!,"") -> #REF! | EY48: =IF(#REF!="pecs",#REF!*#REF!*#REF!,"") -> #REF! | EZ48: =IF(#REF!="dos",#REF!,"") -> #REF! | FA48: =IF(#REF!="dos",#REF!*#REF!*#REF!,"") -> #REF! | FB48: =IF(#REF!="épaules",#REF!,"") -> #REF! | FC48: =IF(#REF!="épaules",#REF!*#REF!*#REF!,"") -> #REF! | FD48: =IF(#REF!="biceps",#REF!,"") -> #REF! | FE48: =IF(#REF!="biceps",#REF!*#REF!*#REF!,"") -> #REF! | FF48: =IF(#REF!="triceps",#REF!,"") -> #REF! | FG48: =IF(#REF!="triceps",#REF!*#REF!*#REF!,"") -> #REF! | FH48: =IF(#REF!="quads",#REF!,"") -> #REF! | FI48: =IF(#REF!="quads",#REF!*#REF!*#REF!,"") -> #REF! | FJ48: =IF(#REF!="ischios",#REF!,"") -> #REF! | FK48: =IF(#REF!="ischios",#REF!*#REF!*#REF!,"") -> #REF! | FL48: =IF(#REF!="fessier",#REF!,"") -> #REF! | FM48: =IF(#REF!="fessier",#REF!*#REF!*#REF!,"") -> #REF! | FN48: =IF(#REF!="mollets",#REF!,"") -> #REF! | FO48: =IF(#REF!="mollets",#REF!*#REF!*#REF!,"") -> #REF!
D49: =D40 -> Bench | E49: =E40 | F49: =F40 -> Bench | G49: =G40 -> 3 | H49: =H40 -> 8 | I49: =I40+3 -> 82 | J49: =IF(D49="Squat",IF(I49>10,MROUND((I49/100*SQMAX),2.5)," "),IF(D49="Bench",IF(I49>10,MROUND((I49/100*BNMAX),2.5)," "),IF(D49="Deadlift",IF(I49>10,MROUND((I49/100*DLMAX),2.5)," ")," "))) -> 115 | L49: =IFERROR((J49/VLOOKUP(K49,'RPE vs. %'!$D$3:$P$11,H49+1,FALSE)),"") | O49: =SUM(O42:O48) -> 3 | P49: =SUM(P42:P48) -> 2337.5 | Q49: =SUM(Q42:Q48) -> 0 | R49: =SUM(R42:R48) -> 0 | S49: =SUM(S42:S48) -> 0 | T49: =SUM(T42:T48) -> 0 | U49: =SUM(U42:U48) -> 0 | V49: =SUM(V42:V48) -> 0 | ... AL49: =SUM(AL42:AL48) -> 0 | AN49: =AN40 -> Bench | AO49: =AO40 | AP49: =AP40 -> Bench larsen | AQ49: =AQ40 -> 3 | AR49: =AR40 -> 5 | AS49: =AS40+3 -> 76 | AT49: =IF(AN49="Squat",IF(AS49>10,MROUND((AS49/100*SQMAX),2.5)," "),IF(AN49="Bench",IF(AS49>10,MROUND((AS49/100*BNMAX),2.5)," "),IF(AN49="Deadlift",IF(AS49>10,MROUND((AS49/100*DLMAX),2.5)," ")," "))) -> 107.5 | AV49: =IFERROR((AT49/VLOOKUP(AU49,'RPE vs. %'!$D$3:$P$11,AR49+1,FALSE)),"") | AY49: =SUM(AY42:AY48) -> 0 | AZ49: =SUM(AZ42:AZ48) -> 0 | BA49: =SUM(BA42:BA48) -> 0 | BB49: =SUM(BB42:BB48) -> 0 | BC49: =SUM(BC42:BC48) -> 5 | BD49: =SUM(BD42:BD48) -> 3727.5 | BE49: =SUM(BE42:BE48) -> 0 | BF49: =SUM(BF42:BF48) -> 0 | ... BV49: =SUM(BV42:BV48) -> 0 | BX49: =BX40 -> Bench | BY49: =BY40 | BZ49: =BZ40 -> bench fatigued single | CA49: =CA40 -> 2 | CB49: =CB40 -> 1 | CC49: =CC40+3 -> 107 | CD49: =IF(BX49="Squat",IF(CC49>10,MROUND((CC49/100*SQMAX),2.5)," "),IF(BX49="Bench",IF(CC49>10,MROUND((CC49/100*BNMAX),2.5)," "),IF(BX49="Deadlift",IF(CC49>10,MROUND((CC49/100*DLMAX),2.5)," ")," "))) -> 150 | CF49: =IFERROR((CD49/VLOOKUP(CE49,'RPE vs. %'!$D$3:$P$11,CB49+1,FALSE)),"") | CI49: =SUM(CI42:CI48) -> 3 | CJ49: =SUM(CJ42:CJ48) -> 2287.5 | CK49: =SUM(CK42:CK48) -> 4 | CL49: =SUM(CL42:CL48) -> 1080 | CM49: =SUM(CM42:CM48) -> 0 | CN49: =SUM(CN42:CN48) -> 0 | CO49: =SUM(CO42:CO48) -> 0 | CP49: =SUM(CP42:CP48) -> 0 | ... DF49: =SUM(DF42:DF48) -> 0 | DH49: =DH40 -> Deadlift | DI49: =DI40 | DJ49: =DJ40 -> Deadlift | DK49: =DK40 -> 3 | DL49: =DL40 -> 3 | DM49: =DM40+3 -> 94 | DN49: =IF(DH49="Squat",IF(DM49>10,MROUND((DM49/100*SQMAX),2.5)," "),IF(DH49="Bench",IF(DM49>10,MROUND((DM49/100*BNMAX),2.5)," "),IF(DH49="Deadlift",IF(DM49>10,MROUND((DM49/100*DLMAX),2.5)," ")," "))) -> 235 | DP49: =IFERROR((DN49/VLOOKUP(DO49,'RPE vs. %'!$D$3:$P$11,DL49+1,FALSE)),"") | DT49: =IF(DH43="Squat",DK43,"") | DU49: =IF(DH43="Squat",DK43*DL43*DN43,"") | DV49: =IF(DH43="Bench",DK43,"") | DW49: =IF(DH43="Bench",DK43*DL43*DN43,"") | DX49: =IF(DH43="Deadlift",DK43,"") | DY49: =IF(DH43="Deadlift",DK43*DL43*DN43,"") | DZ49: =IF(DI43="pecs",DK43,"") | EA49: =IF(DI43="pecs",DK43*DL43*DN43,"") | EB49: =IF(DI43="dos",DK43,"") | EC49: =IF(DI43="dos",DK43*DL43*DN43,"") | ED49: =IF(DI43="épaules",DK43,"") | EE49: =IF(DI43="épaules",DK43*DL43*DN43,"") | EF49: =IF(DI43="biceps",DK43,"") | EG49: =IF(DI43="biceps",DK43*DL43*DN43,"") | EH49: =IF(DI43="triceps",DK43,"") | EI49: =IF(DI43="triceps",DK43*DL43*DN43,"") | EJ49: =IF(DI43="quads",DK43,"") | EK49: =IF(DI43="quads",DK43*DL43*DN43,"") | EL49: =IF(DI43="ischios",DK43,"") | EM49: =IF(DI43="ischios",DK43*DL43*DN43,"") | EN49: =IF(DI43="fessier",DK43,"") | EO49: =IF(DI43="fessier",DK43*DL43*DN43,"") | EP49: =IF(DI43="mollets",DK43,"") | EQ49: =IF(DI43="mollets",DK43*DL43*DN43,"") | ER49: =IF(#REF!="Squat",#REF!,"") -> #REF! | ES49: =IF(#REF!="Squat",#REF!*#REF!*#REF!,"") -> #REF! | ET49: =IF(#REF!="Bench",#REF!,"") -> #REF! | EU49: =IF(#REF!="Bench",#REF!*#REF!*#REF!,"") -> #REF! | EV49: =IF(#REF!="Deadlift",#REF!,"") -> #REF! | EW49: =IF(#REF!="Deadlift",#REF!*#REF!*#REF!,"") -> #REF! | EX49: =IF(#REF!="pecs",#REF!,"") -> #REF! | EY49: =IF(#REF!="pecs",#REF!*#REF!*#REF!,"") -> #REF! | EZ49: =IF(#REF!="dos",#REF!,"") -> #REF! | FA49: =IF(#REF!="dos",#REF!*#REF!*#REF!,"") -> #REF! | FB49: =IF(#REF!="épaules",#REF!,"") -> #REF! | FC49: =IF(#REF!="épaules",#REF!*#REF!*#REF!,"") -> #REF! | FD49: =IF(#REF!="biceps",#REF!,"") -> #REF! | FE49: =IF(#REF!="biceps",#REF!*#REF!*#REF!,"") -> #REF! | FF49: =IF(#REF!="triceps",#REF!,"") -> #REF! | FG49: =IF(#REF!="triceps",#REF!*#REF!*#REF!,"") -> #REF! | FH49: =IF(#REF!="quads",#REF!,"") -> #REF! | FI49: =IF(#REF!="quads",#REF!*#REF!*#REF!,"") -> #REF! | FJ49: =IF(#REF!="ischios",#REF!,"") -> #REF! | FK49: =IF(#REF!="ischios",#REF!*#REF!*#REF!,"") -> #REF! | FL49: =IF(#REF!="fessier",#REF!,"") -> #REF! | FM49: =IF(#REF!="fessier",#REF!*#REF!*#REF!,"") -> #REF! | FN49: =IF(#REF!="mollets",#REF!,"") -> #REF! | FO49: =IF(#REF!="mollets",#REF!*#REF!*#REF!,"") -> #REF!
